PROXY_NYT_ENG_20071115_0274.5	show-01	yes
PROXY_NYT_ENG_20071115_0274.5	use-01	yes
NW_XIN_ENG_0192_2005_0906.10	new-01	yes
NW_XIN_ENG_0192_2005_0906.10	private-03	yes
NW_XIN_ENG_0192_2005_0906.10	find-01	yes
PROXY_XIN_ENG_20020905_0122.7	commit-02	yes
DF-199-194215-653_0484.16	use-01	yes
PROXY_XIN_ENG_20021123_0156.19	close-10	yes
PROXY_XIN_ENG_20040429_0189.36	worry-02	yes
ENG_DF_000170_20050903_C00020J0V_0001.6	use-03	yes
ENG_DF_000170_20050903_C00020J0V_0001.6	get-01	yes
PROXY_XIN_ENG_20021228_0162.11	include-01	no
PROXY_XIN_ENG_20021228_0162.11	rule-03	yes
PROXY_LTW_ENG_20070930_0021.26	view-02	yes
PROXY_LTW_ENG_20070930_0021.26	include-01	no
ENG_NA_020001_20161020_G0023FSW2_0001.7	have-03	yes
wb.eng_0003.75	apply-02	yes
PROXY_XIN_ENG_20040429_0189.29	give-01	yes
DF-200-192400-625_7046.10	feel-01	yes
DF-200-192400-625_7046.10	worry-02	yes
NW_XIN_ENG_0191_2005_0405.7	have-03	yes
NW_XIN_ENG_0191_2005_0405.7	measure-01	yes
NW_XIN_ENG_0191_2005_0405.7	use-01	yes
nw.chtb_0318.11	feel-02	yes
nw.chtb_0318.11	serious-01	yes
PROXY_NYT_ENG_20081008_0040.34	claim-01	yes
PROXY_NYT_ENG_20081008_0040.34	include-01	no
ENG_NA_020001_20161020_G0023FSUR_0001.4	take-01	yes
ENG_NA_020001_20161020_G0023FSUR_0001.4	find-01	yes
NW_AFP_ENG_0013_2003_0427.6	charge-05	yes
nw.chtb_0305.5	question-01	yes
nw.chtb_0305.5	sign-01	yes
PROXY_LTW_ENG_20080727_0030.32	run-01	yes
PROXY_XIN_ENG_20030709_0070.6	consider-01	yes
PROXY_NYT_ENG_20081008_0040.29	deal-01	yes
PROXY_LTW_ENG_20081115_0076.25	manage-02	yes
PROXY_LTW_ENG_20081115_0076.25	lead-02	yes
PROXY_LTW_ENG_20081115_0076.25	lead-02	yes
PROXY_LTW_ENG_20081115_0076.25	lead-02	yes
PROXY_LTW_ENG_20081115_0076.25	lead-02	yes
PROXY_LTW_ENG_20081115_0076.25	act-02	yes
PROXY_XIN_ENG_20020725_0113.15	hold-04	yes
ENG_NA_020001_20161020_G0023FSUO_0001.4	good-02	yes
PROXY_XIN_ENG_20021123_0156.13	sign-02	yes
PROXY_XIN_ENG_20040429_0189.43	ask-02	yes
PROXY_XIN_ENG_20020725_0333.13	close-13	yes
ENG_NA_020001_20161020_G0023FSVF_0001.5	look-02	yes
PROXY_NYT_ENG_20040724_0084.33	apply-02	yes
ENG_NA_020001_20161020_G0023FSV3_0001.6	find-01	yes
PROXY_NYT_ENG_20070828_0223.16	make-01	yes
ENG_NA_020001_20161020_G0023FSUL_0001.5	know-01	yes
ENG_NA_020001_20161020_G0023FSUL_0001.5	clear-06	yes
PROXY_XIN_ENG_20020725_0333.8	base-02	yes
DF-200-192400-625_7557.7	cut-01	yes
PROXY_LTW_ENG_20081115_0076.11	close-13	yes
PROXY_LTW_ENG_20081115_0076.11	feel-01	yes
PROXY_LTW_ENG_20081115_0076.11	act-02	yes
PROXY_NYT_ENG_20050716_0171.16	ask-01	yes
bolt12_6455_6561.6	ask-01	yes
bolt12_6455_6561.6	go-01	yes
bolt12_6455_6561.6	mean-01	yes
PROXY_XIN_ENG_20040922_0123.14	develop-02	yes
wb.eng_0003.17	new-01	yes
PROXY_XIN_ENG_20040429_0189.16	include-91	no
NW_XIN_ENG_0209_2008_0513.6	try-01	yes
NW_XIN_ENG_0209_2008_0513.6	short-07	yes
bolt12_6455_6562.26	have-03	yes
bolt12_6455_6562.26	right-05	yes
bolt12_6455_6562.26	responsible-02	yes
bolt12_6455_6562.26	present-01	yes
bolt12_6455_6562.11	call-02	yes
bolt12_6455_6562.11	move-01	yes
PROXY_NYT_ENG_20070828_0223.4	lead-01	yes
PROXY_NYT_ENG_20070828_0223.4	new-01	yes
DF-200-192400-625_6304.13	feel-01	yes
wb.eng_0003.40	sense-02	yes
DF-200-192400-625_7744.23	know-01	yes
NW_AFP_ENG_0019_2003_0630.9	mean-01	yes
NW_AFP_ENG_0019_2003_0630.9	free-04	yes
wb.eng_0003.83	develop-02	yes
wb.eng_0003.83	new-01	yes
wb.eng_0003.83	develop-02	yes
wb.eng_0003.37	spend-01	yes
NW_XIN_ENG_0195_2008_0420.9	close-10	yes
DF-200-192400-625_7744.11	know-01	yes
wb.eng_0003.61	mean-01	yes
DF-200-192400-625_6304.19	send-01	yes
DF-200-192400-625_6304.19	consider-02	yes
DF-200-192400-625_6304.19	worry-02	yes
DF-200-192400-625_6304.19	include-91	no
DF-200-192400-625_6304.19	know-01	yes
DF-200-192400-625_6304.19	work-01	yes
DF-200-192400-625_6304.19	use-03	yes
PROXY_NYT_ENG_20020406_0118.27	know-01	yes
bolt12_6455_6561.23	mean-01	yes
DF-200-192400-625_6304.5	point-03	yes
PROXY_XIN_ENG_20020701_0314.4	take-01	yes
PROXY_NYT_ENG_20071115_0274.15	include-01	no
PROXY_NYT_ENG_20071115_0274.15	deal-01	yes
DF-200-192400-625_7046.12	good-02	yes
PROXY_NYT_ENG_20080919_0209.19	mean-01	yes
PROXY_NYT_ENG_20080919_0209.19	use-01	yes
bolt12_6455_6561.29	go-01	yes
bolt12_6455_6561.29	rule-03	yes
bolt12_6455_6562.10	recover-02	yes
bolt12_6455_6562.10	responsible-03	yes
wb.eng_0003.91	keep-01	yes
wb.eng_0003.91	suppose-02	yes
PROXY_XIN_ENG_20020905_0122.11	separate-02	yes
PROXY_XIN_ENG_20021020_0012.11	treat-03	yes
ENG_NA_020001_20161020_G0023FSUL_0001.4	lose-02	yes
ENG_NA_020001_20161020_G0023FSUL_0001.4	find-01	yes
nw.chtb_0324.9	use-02	yes
nw.chtb_0324.9	compete-01	yes
PROXY_NYT_ENG_20080919_0209.8	clear-06	yes
PROXY_NYT_ENG_20081008_0040.35	deal-01	yes
nw.chtb_0325.6	perform-01	yes
PROXY_NYT_ENG_20040724_0084.5	concern-01	yes
DF-200-192400-625_6304.21	work-01	yes
DF-200-192400-625_6304.21	mean-01	yes
PROXY_XIN_ENG_20020701_0314.9	order-01	yes
bolt12_91455_5343.1	take-01	yes
NW_XIN_ENG_0191_2005_0405.11	find-01	yes
PROXY_NYT_ENG_20081128_0005.11	present-02	yes
ENG_NA_020001_20161020_G0023FSVU_0001.4	good-02	yes
DF-200-192400-625_7744.7	get-03	yes
DF-200-192400-625_7744.7	go-01	yes
PROXY_LTW_ENG_20070831_0072.21	make-01	yes
PROXY_LTW_ENG_20070831_0072.21	move-01	yes
wb.eng_0003.55	point-04	yes
bolt12_91455_5320.1	perform-01	yes
PROXY_XIN_ENG_20040922_0123.8	add-01	yes
PROXY_XIN_ENG_20040922_0123.8	measure-02	yes
PROXY_XIN_ENG_20011006_0073.13	mean-01	yes
PROXY_XIN_ENG_20020725_0113.16	follow-01	yes
PROXY_XIN_ENG_20020725_0113.16	meet-03	yes
PROXY_XIN_ENG_20020725_0113.16	hold-04	yes
PROXY_NYT_ENG_20050716_0171.43	new-01	yes
bolt12_6455_6561.14	go-05	yes
bolt12_6455_6561.14	look-01	yes
bolt12_6455_6561.14	issue-02	yes
PROXY_XIN_ENG_20020725_0333.11	include-91	no
PROXY_XIN_ENG_20021123_0156.14	measure-02	yes
PROXY_XIN_ENG_20021123_0156.14	include-91	no
nw.chtb_0305.8	feel-02	yes
nw.chtb_0305.8	good-02	yes
nw.chtb_0305.8	sign-01	yes
PROXY_XIN_ENG_20021020_0012.15	follow-01	yes
PROXY_XIN_ENG_20021020_0012.15	break-01	yes
PROXY_XIN_ENG_20021020_0012.15	fire-01	yes
PROXY_NYT_ENG_20081008_0040.26	have-03	yes
PROXY_NYT_ENG_20071115_0274.12	use-01	yes
nw.chtb_0305.4	include-91	no
nw.chtb_0305.4	present-01	yes
PROXY_NYT_ENG_20070828_0223.18	include-01	no
NW_AFP_ENG_0017_2003_0607.2	offend-01	yes
ENG_NA_020001_20161020_G0023FSVZ_0001.5	close-10	yes
bolt12_6455_6562.4	break-01	yes
wb.eng_0003.35	give-01	yes
wb.eng_0003.80	work-01	yes
DF-200-192400-625_7744.17	case-04	yes
DF-200-192400-625_7744.17	bad-05	yes
DF-200-192400-625_7744.17	worry-02	yes
NW_XIN_ENG_0209_2008_0513.14	include-91	no
wb.eng_0003.15	develop-02	yes
DF-200-192400-625_7046.1	know-01	yes
DF-200-192400-625_7046.1	feel-01	yes
DF-200-192400-625_7046.1	feel-01	yes
PROXY_NYT_ENG_20020406_0118.41	include-01	no
PROXY_NYT_ENG_20020406_0118.41	cut-02	yes
nw.chtb_0325.7	compete-01	yes
nw.chtb_0325.7	right-05	yes
nw.chtb_0325.7	compete-01	yes
PROXY_XIN_ENG_20040429_0189.32	have-03	yes
PROXY_XIN_ENG_20040429_0189.32	position-02	yes
PROXY_XIN_ENG_20040429_0189.32	issue-02	yes
PROXY_XIN_ENG_20041010_0024.4	attend-01	yes
PROXY_XIN_ENG_20041010_0024.4	meet-03	yes
PROXY_XIN_ENG_20041010_0024.4	lead-02	yes
ENG_NA_020001_20161020_G0023FSVG_0001.5	like-02	yes
ENG_NA_020001_20161020_G0023FSVG_0001.5	have-06	yes
ENG_DF_000170_20050903_C00020J0V_0001.22	have-03	yes
PROXY_NYT_ENG_20050716_0171.11	concern-01	yes
PROXY_NYT_ENG_20050716_0171.11	move-02	yes
NW_AFP_ENG_0013_2003_0427.4	commit-02	yes
ENG_DF_000170_20050903_C00020J0V_0001.29	use-01	yes
bolt12_91455_5339.1	stop-01	yes
PROXY_XIN_ENG_20040403_0262.9	work-01	yes
PROXY_XIN_ENG_20040403_0262.9	develop-02	yes
PROXY_NYT_ENG_20040724_0084.7	issue-01	yes
PROXY_NYT_ENG_20040724_0084.7	order-01	yes
bolt12_6455_6561.4	mean-01	yes
bolt12_6455_6561.4	open-04	yes
PROXY_NYT_ENG_20081008_0040.7	close-06	yes
PROXY_NYT_ENG_20081008_0040.7	deal-01	yes
PROXY_NYT_ENG_20081008_0040.7	free-01	yes
NW_AFP_ENG_0018_2003_0616.3	move-01	yes
ENG_NA_020001_20161020_G0023FSWD_0001.4	have-03	yes
DF-200-192400-625_7806.18	give-01	yes
DF-200-192400-625_7806.18	make-02	yes
DF-200-192400-625_7806.18	good-02	yes
PROXY_NYT_ENG_20040724_0084.18	go-06	yes
PROXY_LTW_ENG_20070831_0072.11	work-01	yes
DF-200-192400-625_6344.10	make-02	yes
bolt12_91455_5310.1	show-01	yes
PROXY_NYT_ENG_20081128_0005.4	head-01	yes
PROXY_NYT_ENG_20081128_0005.4	source-02	yes
PROXY_NYT_ENG_20071115_0274.14	deal-01	yes
nw.chtb_0322.13	perform-01	yes
nw.chtb_0322.13	compete-01	yes
PROXY_NYT_ENG_20050716_0171.14	lead-02	yes
bolt12_9145_5537.1	ask-02	yes
PROXY_LTW_ENG_20070831_0072.27	make-02	yes
PROXY_LTW_ENG_20070831_0072.27	measure-02	yes
PROXY_LTW_ENG_20070831_0072.27	include-01	no
PROXY_XIN_ENG_20040429_0189.19	settle-02	yes
PROXY_XIN_ENG_20040429_0189.19	address-02	yes
PROXY_XIN_ENG_20040429_0189.19	concern-02	yes
PROXY_NYT_ENG_20050716_0171.40	have-03	yes
ENG_NA_020001_20161020_G0023FSW2_0001.6	find-01	yes
DF-200-192400-625_7557.15	have-03	yes
PROXY_XIN_ENG_20040922_0123.12	base-02	yes
NW_XIN_ENG_0191_2005_0405.14	miss-01	yes
PROXY_LTW_ENG_20070831_0072.9	find-01	yes
PROXY_XIN_ENG_20020725_0113.6	include-91	no
PROXY_XIN_ENG_20020725_0113.6	lead-02	yes
PROXY_XIN_ENG_20020725_0113.6	call-01	yes
PROXY_XIN_ENG_20020725_0113.6	lead-02	yes
PROXY_XIN_ENG_20020725_0113.6	short-07	yes
PROXY_LTW_ENG_20080727_0030.13	claim-01	yes
ENG_DF_000170_20050903_C00020J0V_0001.35	have-03	yes
nw.chtb_0324.5	position-01	yes
PROXY_NYT_ENG_20081008_0040.22	deal-01	yes
PROXY_NYT_ENG_20040724_0084.31	claim-01	yes
wb.eng_0003.16	work-01	yes
wb.eng_0003.16	drive-01	yes
DF-200-192400-625_6344.29	go-02	yes
DF-200-192400-625_6344.29	good-02	yes
PROXY_LTW_ENG_20070831_0072.4	issue-02	yes
nw.chtb_0302.3	have-03	yes
PROXY_XIN_ENG_20040922_0123.13	lead-02	yes
PROXY_XIN_ENG_20040922_0123.13	try-01	yes
PROXY_XIN_ENG_20040922_0123.13	develop-02	yes
DF-200-192400-625_7744.15	use-03	yes
DF-200-192400-625_7744.15	have-03	yes
DF-200-192400-625_7744.15	have-03	yes
DF-200-192400-625_7744.15	know-01	yes
DF-200-192400-625_7744.15	use-02	yes
PROXY_XIN_ENG_20040429_0189.27	close-13	yes
DF-200-192392-456_1160.2	get-01	yes
bolt12_9145_5539.1	bad-07	yes
DF-200-192392-456_1160.5	like-01	yes
DF-200-192392-456_1160.5	count-01	yes
PROXY_XIN_ENG_20041219_0059.20	develop-02	yes
PROXY_XIN_ENG_20041219_0059.20	apply-02	yes
ENG_NA_020001_20161020_G0023FSUN_0001.4	get-01	yes
ENG_NA_020001_20161020_G0023FSUN_0001.4	include-91	no
PROXY_NYT_ENG_20050716_0171.64	try-01	yes
PROXY_LTW_ENG_20070930_0021.18	meet-03	yes
nw.chtb_0302.6	develop-02	yes
nw.chtb_0302.6	feel-01	yes
NW_AFP_ENG_0012_2003_0419.7	miss-01	yes
NW_AFP_ENG_0012_2003_0419.7	work-01	yes
PROXY_XIN_ENG_20020725_0113.9	settle-02	yes
nw.chtb_0325.9	compete-01	yes
PROXY_LTW_ENG_20081115_0076.6	process-02	yes
PROXY_NYT_ENG_20081128_0005.7	show-01	yes
PROXY_NYT_ENG_20081128_0005.7	include-91	no
PROXY_NYT_ENG_20081128_0005.7	include-91	no
PROXY_XIN_ENG_20021123_0156.6	meet-03	yes
PROXY_XIN_ENG_20021123_0156.6	issue-02	yes
PROXY_XIN_ENG_20021123_0156.6	issue-02	yes
DF-200-192400-625_7557.6	take-01	yes
DF-200-192400-625_7557.6	take-01	yes
DF-200-192400-625_7557.6	find-01	yes
DF-200-192400-625_7557.6	cut-01	yes
PROXY_XIN_ENG_20041010_0024.10	sign-01	yes
ENG_NA_020001_20161020_G0023FSW3_0001.5	have-03	yes
PROXY_XIN_ENG_20031107_0242.18	develop-02	yes
nw.chtb_0318.13	close-01	yes
nw.chtb_0318.13	return-01	yes
PROXY_NYT_ENG_20081128_0005.10	grow-03	yes
PROXY_NYT_ENG_20081128_0005.10	good-02	yes
PROXY_NYT_ENG_20071115_0274.8	act-02	yes
PROXY_NYT_ENG_20071115_0274.8	use-01	yes
PROXY_NYT_ENG_20050716_0171.58	sense-02	yes
PROXY_NYT_ENG_20050716_0171.58	complete-02	yes
ENG_NA_020001_20161020_G0023FSVD_0001.4	send-01	yes
ENG_NA_020001_20161020_G0023FSVD_0001.4	responsible-03	yes
ENG_NA_020001_20161020_G0023FSW2_0001.4	know-01	yes
PROXY_LTW_ENG_20070831_0072.10	issue-02	yes
DF-200-192400-625_7557.11	source-02	yes
DF-200-192400-625_7557.11	leave-15	yes
DF-200-192400-625_7557.11	know-02	yes
DF-200-192400-625_7200.16	find-02	yes
nw.chtb_0322.6	include-91	no
PROXY_LTW_ENG_20081115_0076.7	meet-03	yes
PROXY_LTW_ENG_20081115_0076.7	measure-02	yes
PROXY_LTW_ENG_20081115_0076.7	new-01	yes
DF-200-192400-625_7557.23	get-01	yes
PROXY_XIN_ENG_20020725_0113.13	follow-01	yes
bolt12_6455_6562.8	commit-01	yes
bolt12_6455_6562.8	use-01	yes
DF-200-192400-625_7200.4	have-03	yes
DF-200-192400-625_7200.4	have-03	yes
DF-200-192400-625_7806.4	mean-01	yes
DF-200-192400-625_7806.4	go-01	yes
DF-200-192400-625_7806.4	free-04	yes
DF-200-192400-625_7806.4	care-01	yes
DF-200-192400-625_7806.4	issue-02	yes
PROXY_NYT_ENG_20020406_0118.7	serve-01	yes
NW_AFP_ENG_0010_2003_0401.2	include-91	no
DF-200-192400-625_7744.28	good-02	yes
NW_AFP_ENG_0009_2003_0330.1	lead-02	yes
nw.chtb_0324.12	feel-02	yes
nw.chtb_0324.12	compete-01	yes
nw.chtb_0324.12	new-01	yes
nw.chtb_0324.12	compete-01	yes
PROXY_NYT_ENG_20040724_0084.32	raise-01	yes
PROXY_NYT_ENG_20040724_0084.32	measure-02	yes
ENG_DF_000170_20050903_C00020J0V_0001.46	separate-01	yes
PROXY_NYT_ENG_20070618_0031.7	move-01	yes
ENG_DF_000170_20050903_C00020J0V_0001.60	attend-01	yes
ENG_DF_000170_20050903_C00020J0V_0001.60	call-02	yes
ENG_NA_020001_20161020_G0023FSUT_0001.4	good-02	yes
PROXY_XIN_ENG_20040403_0262.14	follow-01	yes
PROXY_XIN_ENG_20040403_0262.14	meet-03	yes
ENG_DF_000170_20050903_C00020J0V_0001.41	new-01	yes
DF-200-192400-625_7806.9	take-01	yes
DF-200-192400-625_7806.9	close-13	yes
DF-200-192400-625_7806.9	keep-02	yes
NW_AFP_ENG_0010_2003_0401.5	head-01	yes
bolt12_64556_5627.4	appear-01	yes
bolt12_64556_5627.4	sign-02	yes
bolt12_64556_5627.4	approach-01	yes
PROXY_NYT_ENG_20071115_0274.16	include-01	no
PROXY_NYT_ENG_20071115_0274.16	use-01	yes
DF-200-192400-625_7046.13	feel-01	yes
DF-200-192400-625_7046.13	feel-01	yes
DF-200-192400-625_7046.13	use-01	yes
DF-200-192400-625_7046.13	good-02	yes
DF-200-192400-625_7046.13	feel-01	yes
DF-200-192400-625_7046.13	free-04	yes
DF-199-194215-653_0484.31	try-01	yes
ENG_NA_020001_20161020_G0023FSWH_0001.6	get-02	yes
PROXY_XIN_ENG_20020725_0113.22	concern-01	yes
PROXY_XIN_ENG_20020725_0113.22	issue-02	yes
PROXY_XIN_ENG_20020725_0113.22	include-91	no
PROXY_XIN_ENG_20030428_0226.12	use-01	yes
DF-200-192400-625_7200.3	make-02	yes
PROXY_XIN_ENG_20040429_0189.39	grow-01	yes
PROXY_XIN_ENG_20040429_0189.39	grow-01	yes
PROXY_XIN_ENG_20040429_0189.39	ask-02	yes
PROXY_XIN_ENG_20040429_0189.39	grow-01	yes
PROXY_XIN_ENG_20040429_0189.39	grow-01	yes
NW_XIN_ENG_0209_2008_0513.7	have-03	yes
NW_XIN_ENG_0209_2008_0513.7	try-01	yes
NW_XIN_ENG_0209_2008_0513.7	keep-01	yes
NW_XIN_ENG_0209_2008_0513.7	hold-01	yes
NW_XIN_ENG_0209_2008_0513.7	fall-01	yes
DF-200-192400-625_7557.3	have-03	yes
DF-200-192400-625_7557.3	stop-01	yes
DF-200-192400-625_7557.3	cut-01	yes
PROXY_LTW_ENG_20081115_0076.10	close-13	yes
PROXY_LTW_ENG_20081115_0076.10	feel-01	yes
PROXY_LTW_ENG_20081115_0076.10	act-02	yes
NW_XIN_ENG_0195_2008_0420.6	have-03	yes
NW_AFP_ENG_0019_2003_0630.13	close-01	yes
NW_AFP_ENG_0019_2003_0630.13	move-01	yes
NW_AFP_ENG_0019_2003_0630.13	free-04	yes
PROXY_XIN_ENG_20041010_0024.12	like-02	yes
PROXY_XIN_ENG_20041010_0024.12	develop-02	yes
PROXY_XIN_ENG_20041010_0024.12	process-02	yes
PROXY_XIN_ENG_20041010_0024.12	meet-03	yes
PROXY_NYT_ENG_20050716_0171.18	have-03	yes
DF-200-192400-625_6344.14	mean-02	yes
DF-200-192400-625_7744.19	include-91	no
DF-200-192400-625_7744.19	act-01	yes
DF-200-192400-625_7744.19	lose-02	yes
DF-200-192400-625_7744.19	leave-14	yes
PROXY_XIN_ENG_20020725_0333.4	head-01	yes
DF-200-192400-625_6344.1	get-03	yes
DF-200-192400-625_6344.1	keep-02	yes
DF-200-192400-625_6344.1	keep-02	yes
DF-200-192400-625_6344.1	hard-02	yes
PROXY_NYT_ENG_20050716_0171.37	ask-01	yes
PROXY_NYT_ENG_20050716_0171.37	make-02	yes
PROXY_NYT_ENG_20050716_0171.37	move-02	yes
PROXY_NYT_ENG_20070828_0223.29	question-01	yes
wb.eng_0003.98	spend-01	yes
DF-200-192400-625_6677.10	go-06	yes
DF-200-192400-625_6677.10	go-02	yes
DF-200-192400-625_6677.10	complete-02	yes
PROXY_NYT_ENG_20050716_0171.48	use-01	yes
wb.eng_0003.79	drive-01	yes
NW_XIN_ENG_0209_2008_0513.10	add-01	yes
nw.chtb_0324.6	compete-01	yes
bolt12_6455_6568.1	force-04	yes
bolt12_6455_6568.1	lose-02	yes
wb.eng_0003.99	apply-02	yes
NW_XIN_ENG_0195_2008_0420.16	drive-01	yes
PROXY_XIN_ENG_20020905_0122.22	fire-01	yes
wb.eng_0003.42	get-05	yes
PROXY_NYT_ENG_20040724_0084.10	sign-01	yes
PROXY_NYT_ENG_20040724_0084.10	concern-01	yes
PROXY_NYT_ENG_20040724_0084.10	down-01	yes
NW_AFP_ENG_0009_2003_0330.2	include-91	no
NW_AFP_ENG_0015_2003_0514.6	use-01	yes
NW_AFP_ENG_0015_2003_0514.6	know-01	yes
ENG_NA_020001_20161020_G0023FSWH_0001.4	good-02	yes
DF-199-194215-653_0484.17	leave-15	yes
PROXY_LTW_ENG_20070930_0021.24	give-01	yes
bolt12_6455_6561.19	make-01	yes
DF-200-192400-625_7744.26	go-02	yes
bolt12_6455_6562.1	work-01	yes
bolt12_6455_6562.1	work-01	yes
PROXY_XIN_ENG_20020701_0314.17	appeal-01	yes
wb.eng_0003.38	deal-01	yes
wb.eng_0003.38	add-02	yes
PROXY_LTW_ENG_20070930_0021.32	approach-02	yes
DF-200-192400-625_6344.21	have-03	yes
bolt12_6455_6561.16	mean-01	yes
NW_AFP_ENG_0019_2003_0630.6	follow-01	yes
bolt12_6455_6561.11	lose-02	yes
bolt12_6455_6561.11	find-02	yes
nw.chtb_0305.3	attend-01	yes
nw.chtb_0305.3	sign-01	yes
ENG_DF_000170_20050903_C00020J0V_0001.28	close-01	yes
ENG_DF_000170_20050903_C00020J0V_0001.28	send-01	yes
PROXY_LTW_ENG_20080727_0030.15	know-01	yes
ENG_NA_020001_20161020_G0023FSUK_0001.5	ask-02	yes
ENG_NA_020001_20161020_G0023FSUK_0001.5	find-01	yes
DF-199-194215-653_0484.19	meet-03	yes
nw.chtb_0322.15	play-01	yes
nw.chtb_0322.15	play-01	yes
nw.chtb_0322.15	complete-02	yes
PROXY_XIN_ENG_20021123_0156.17	manage-01	yes
PROXY_XIN_ENG_20021123_0156.17	include-01	no
PROXY_LTW_ENG_20080727_0030.17	aim-01	yes
bolt12_6455_6562.12	concern-01	yes
bolt12_6455_6562.12	serve-02	yes
bolt12_6455_6562.12	bear-02	yes
bolt12_6455_6562.12	include-91	no
bolt12_6455_6562.12	show-01	yes
DF-200-192400-625_7046.11	feel-01	yes
DF-200-192400-625_7046.11	get-05	yes
DF-200-192400-625_7046.11	get-01	yes
DF-200-192400-625_7046.11	have-03	yes
DF-200-192400-625_7046.11	use-01	yes
DF-200-192400-625_7046.11	try-01	yes
DF-200-192400-625_7046.11	get-05	yes
DF-200-192400-625_7046.11	feel-01	yes
DF-200-192400-625_7046.11	feel-01	yes
DF-200-192400-625_7046.11	pass-03	yes
DF-200-192400-625_7046.11	feel-01	yes
DF-200-192400-625_7046.11	feel-01	yes
DF-200-192400-625_7046.11	get-01	yes
PROXY_NYT_ENG_20080808_0162.16	show-01	yes
DF-200-192400-625_6677.4	work-01	yes
DF-200-192400-625_6677.4	give-01	yes
NW_AFP_ENG_0012_2003_0419.6	find-01	yes
NW_AFP_ENG_0012_2003_0419.6	work-01	yes
NW_XIN_ENG_0189_2003_0324.6	lead-02	yes
NW_XIN_ENG_0189_2003_0324.6	make-01	yes
DF-200-192400-625_7557.12	care-01	yes
DF-200-192400-625_7557.12	new-01	yes
DF-200-192400-625_7557.12	new-01	yes
PROXY_XIN_ENG_20020725_0113.11	question-01	yes
DF-200-192400-625_7046.14	come-03	yes
DF-200-192400-625_7046.14	bad-07	yes
DF-200-192400-625_7046.14	have-03	yes
PROXY_XIN_ENG_20020905_0122.20	concern-02	yes
PROXY_NYT_ENG_20070828_0223.33	leave-13	yes
PROXY_NYT_ENG_20070828_0223.33	complete-01	yes
NW_AFP_ENG_0009_2003_0330.5	follow-02	yes
ENG_NA_020001_20161020_G0023FSW5_0001.5	new-01	yes
ENG_NA_020001_20161020_G0023FSW5_0001.5	direct-02	yes
bolt12_6455_6561.18	ask-01	yes
bolt12_6455_6561.18	look-01	yes
bolt12_6455_6561.18	develop-02	yes
PROXY_NYT_ENG_20081008_0040.5	question-01	yes
PROXY_NYT_ENG_20081008_0040.5	deal-01	yes
PROXY_LTW_ENG_20070930_0021.9	make-01	yes
nw.chtb_0302.2	develop-02	yes
nw.chtb_0302.2	meet-03	yes
PROXY_XIN_ENG_20030428_0226.18	meet-03	yes
PROXY_XIN_ENG_20040407_0026.17	make-01	yes
PROXY_XIN_ENG_20040407_0026.17	close-10	yes
PROXY_XIN_ENG_20030624_0298.20	claim-01	yes
PROXY_XIN_ENG_20030624_0298.20	responsible-01	yes
DF-200-192392-456_1160.1	drive-01	yes
ENG_NA_020001_20161020_G0023FSV0_0001.5	call-01	yes
ENG_NA_020001_20161020_G0023FSV0_0001.5	mean-01	yes
ENG_NA_020001_20161020_G0023FSV6_0001.4	save-01	yes
NW_XIN_ENG_0193_2006_0822.5	spread-02	yes
PROXY_NYT_ENG_20070618_0031.14	return-02	yes
DF-200-192400-625_7806.16	go-02	yes
DF-200-192400-625_6344.15	good-02	yes
NW_XIN_ENG_0195_2008_0420.10	have-03	yes
DF-200-192400-625_7806.17	have-03	yes
DF-200-192400-625_7806.17	leave-11	yes
DF-200-192400-625_7806.17	worry-02	yes
DF-200-192400-625_7806.17	go-08	yes
DF-200-192400-625_7806.17	wrong-02	yes
PROXY_XIN_ENG_20030709_0070.8	issue-02	yes
PROXY_XIN_ENG_20020905_0122.14	lead-02	yes
PROXY_LTW_ENG_20070831_0072.23	address-02	yes
PROXY_LTW_ENG_20070831_0072.23	lead-03	yes
NW_AFP_ENG_0013_2003_0427.2	find-02	yes
DF-200-192400-625_6304.22	try-01	yes
DF-200-192400-625_6304.22	new-02	yes
DF-200-192400-625_6304.22	keep-02	yes
DF-199-194215-653_0484.12	move-01	yes
PROXY_NYT_ENG_20020406_0118.31	cut-02	yes
PROXY_XIN_ENG_20041219_0059.16	develop-02	yes
PROXY_XIN_ENG_20041219_0059.16	base-02	yes
ENG_DF_000170_20050903_C00020J0V_0001.45	include-01	no
ENG_DF_000170_20050903_C00020J0V_0001.45	new-01	yes
ENG_DF_000170_20050903_C00020J0V_0001.45	use-01	yes
nw.chtb_0324.13	compete-01	yes
wb.eng_0003.28	new-01	yes
wb.eng_0003.28	new-01	yes
PROXY_NYT_ENG_20050716_0171.63	order-01	yes
PROXY_NYT_ENG_20050716_0171.63	leave-11	yes
PROXY_XIN_ENG_20020701_0314.13	show-01	yes
ENG_DF_000170_20050903_C00020J0V_0001.9	new-02	yes
ENG_DF_000170_20050903_C00020J0V_0001.9	free-01	yes
PROXY_NYT_ENG_20070828_0223.25	lose-02	yes
PROXY_NYT_ENG_20070828_0223.25	right-05	yes
PROXY_NYT_ENG_20070828_0223.25	question-01	yes
ENG_DF_000170_20050903_C00020J0V_0001.44	call-02	yes
PROXY_XIN_ENG_20020701_0314.3	right-05	yes
PROXY_XIN_ENG_20020701_0314.3	lead-02	yes
PROXY_XIN_ENG_20021123_0156.10	correct-02	yes
DF-200-192400-625_6344.26	work-01	yes
DF-200-192400-625_6344.26	hard-02	yes
nw.chtb_0302.4	lead-02	yes
nw.chtb_0302.4	lead-02	yes
nw.chtb_0302.4	develop-02	yes
DF-200-192400-625_7744.25	worry-02	yes
DF-200-192400-625_7744.25	issue-02	yes
nw.chtb_0318.8	compete-01	yes
nw.chtb_0318.8	compete-01	yes
PROXY_NYT_ENG_20070828_0223.27	deal-01	yes
PROXY_NYT_ENG_20080919_0209.20	bear-02	yes
ENG_NA_020001_20161020_G0023FSV0_0001.4	good-02	yes
ENG_NA_020001_20161020_G0023FSV0_0001.4	like-02	yes
PROXY_XIN_ENG_20040403_0262.12	lead-02	yes
NW_AFP_ENG_0018_2003_0616.7	find-01	yes
NW_AFP_ENG_0018_2003_0616.7	go-05	yes
NW_AFP_ENG_0018_2003_0616.7	look-01	yes
NW_AFP_ENG_0018_2003_0616.7	source-02	yes
PROXY_LTW_ENG_20080727_0030.21	present-01	yes
DF-200-192392-456_1160.6	get-05	yes
DF-200-192392-456_1160.6	take-01	yes
PROXY_XIN_ENG_20030428_0226.7	sign-01	yes
PROXY_XIN_ENG_20030428_0226.7	deal-01	yes
NW_XIN_ENG_0193_2006_0822.12	drop-01	yes
PROXY_XIN_ENG_20041219_0059.12	base-02	yes
PROXY_XIN_ENG_20041219_0059.12	work-01	yes
PROXY_XIN_ENG_20040429_0189.28	consider-02	yes
PROXY_XIN_ENG_20040429_0189.28	develop-02	yes
NW_XIN_ENG_0194_2007_0704.4	find-01	yes
NW_XIN_ENG_0194_2007_0704.4	include-01	no
ENG_NA_020001_20161020_G0023FSVW_0001.6	find-01	yes
ENG_NA_020001_20161020_G0023FSVW_0001.6	have-03	yes
DF-200-192400-625_7806.11	try-01	yes
DF-200-192400-625_7806.11	make-02	yes
DF-200-192400-625_7806.11	feel-01	yes
DF-200-192400-625_7806.11	feel-01	yes
bolt12_91455_5316.1	look-02	yes
PROXY_NYT_ENG_20040724_0084.17	lead-03	yes
bolt12_6455_6566.2	care-01	yes
NW_XIN_ENG_0194_2007_0704.5	treat-01	yes
PROXY_XIN_ENG_20040403_0262.8	close-01	yes
wb.eng_0003.57	point-03	yes
wb.eng_0003.57	get-05	yes
wb.eng_0003.57	private-03	yes
wb.eng_0003.57	get-05	yes
PROXY_LTW_ENG_20081115_0076.30	fire-01	yes
DF-200-192400-625_7046.8	feel-01	yes
DF-200-192400-625_7046.8	feel-01	yes
PROXY_XIN_ENG_20021020_0012.13	find-01	yes
PROXY_XIN_ENG_20021020_0012.13	include-01	no
PROXY_NYT_ENG_20070618_0031.16	include-91	no
PROXY_NYT_ENG_20070618_0031.16	lose-02	yes
PROXY_XIN_ENG_20021020_0012.9	drive-01	yes
nw.chtb_0322.4	have-03	yes
nw.chtb_0322.4	play-01	yes
nw.chtb_0322.4	compete-01	yes
nw.chtb_0302.7	develop-02	yes
bolt12_64556_5629.1	bear-02	yes
bolt12_64556_5629.1	lose-02	yes
bolt12_64556_5629.1	complete-02	yes
bolt12_64556_5629.1	spread-03	yes
wb.eng_0003.63	use-01	yes
ENG_DF_000170_20050903_C00020J0V_0001.39	try-01	yes
ENG_DF_000170_20050903_C00020J0V_0001.39	private-03	yes
nw.chtb_0322.14	compete-01	yes
DF-200-192400-625_6344.32	know-01	yes
DF-200-192400-625_6344.32	feel-01	yes
bolt12_6455_6561.17	go-06	yes
bolt12_6455_6561.17	issue-02	yes
bolt12_6455_6561.17	issue-02	yes
bolt12_6455_6561.17	issue-02	yes
DF-200-192400-625_7744.21	have-03	yes
DF-200-192400-625_7744.21	bad-05	yes
NW_AFP_ENG_0019_2003_0630.4	free-04	yes
NW_AFP_ENG_0019_2003_0630.4	move-01	yes
NW_AFP_ENG_0019_2003_0630.4	source-02	yes
PROXY_NYT_ENG_20071115_0274.10	keep-02	yes
PROXY_NYT_ENG_20071115_0274.10	private-02	yes
PROXY_NYT_ENG_20071115_0274.10	meet-03	yes
DF-200-192400-625_6304.8	bad-07	yes
DF-200-192400-625_6304.8	add-02	yes
DF-200-192400-625_6304.8	worry-01	yes
DF-200-192400-625_6304.8	work-01	yes
DF-200-192400-625_7557.4	have-03	yes
PROXY_NYT_ENG_20040724_0084.44	have-03	yes
PROXY_XIN_ENG_20021020_0012.10	miss-01	yes
nw.chtb_0322.16	compete-01	yes
PROXY_NYT_ENG_20020406_0118.5	lose-02	yes
bolt12_6455_6561.30	develop-02	yes
bolt12_6455_6561.30	lead-03	yes
bolt12_6455_6561.30	fall-01	yes
PROXY_LTW_ENG_20080727_0030.7	approach-01	yes
DF-200-192392-456_1160.7	use-01	yes
DF-200-192400-625_6304.7	good-02	yes
PROXY_XIN_ENG_20040407_0026.15	separate-02	yes
ENG_DF_000170_20050903_C00020J0V_0001.57	develop-02	yes
ENG_DF_000170_20050903_C00020J0V_0001.57	care-03	yes
wb.eng_0003.88	work-01	yes
DF-199-194215-653_0484.30	get-01	yes
PROXY_NYT_ENG_20070618_0031.17	set-02	yes
DF-200-192400-625_6677.2	lead-03	yes
NW_XIN_ENG_0209_2008_0513.16	add-01	yes
PROXY_XIN_ENG_20020701_0314.6	appeal-01	yes
wb.eng_0003.5	develop-02	yes
bolt12_6455_6561.5	know-01	yes
PROXY_NYT_ENG_20080919_0209.4	know-02	yes
bolt12_64556_5627.3	show-01	yes
bolt12_64556_5627.3	have-03	yes
PROXY_XIN_ENG_20041219_0059.17	include-91	no
PROXY_XIN_ENG_20040429_0189.33	process-02	yes
NW_XIN_ENG_0209_2008_0513.22	lose-02	yes
NW_XIN_ENG_0209_2008_0513.22	miss-01	yes
bolt12_91455_5324.1	okay-04	yes
bolt12_6455_6561.12	turn-01	yes
PROXY_XIN_ENG_20040922_0123.16	develop-02	yes
PROXY_XIN_ENG_20040922_0123.16	develop-02	yes
wb.eng_0003.43	claim-01	yes
wb.eng_0003.43	out-06	yes
NW_AFP_ENG_0019_2003_0630.14	close-01	yes
NW_AFP_ENG_0019_2003_0630.14	pass-03	yes
NW_AFP_ENG_0019_2003_0630.14	close-10	yes
NW_AFP_ENG_0019_2003_0630.14	add-01	yes
NW_AFP_ENG_0019_2003_0630.14	open-01	yes
NW_AFP_ENG_0019_2003_0630.14	come-01	yes
PROXY_XIN_ENG_20040429_0189.15	develop-02	yes
PROXY_XIN_ENG_20040429_0189.15	trust-01	yes
NW_XIN_ENG_0191_2005_0405.6	include-91	no
NW_XIN_ENG_0191_2005_0405.6	include-91	no
PROXY_XIN_ENG_20020701_0314.11	rule-01	yes
PROXY_XIN_ENG_20020701_0314.11	charge-05	yes
PROXY_XIN_ENG_20020701_0314.11	include-91	no
PROXY_XIN_ENG_20020701_0314.11	deal-01	yes
PROXY_XIN_ENG_20020701_0314.11	right-05	yes
NW_AFP_ENG_0012_2003_0419.9	run-01	yes
DF-200-192400-625_6344.16	feel-01	yes
bolt12_6455_6561.21	have-03	yes
NW_XIN_ENG_0194_2007_0704.8	lead-01	yes
DF-200-192400-625_7200.8	feel-01	yes
nw.chtb_0322.2	compete-01	yes
PROXY_XIN_ENG_20040429_0189.11	call-01	yes
PROXY_NYT_ENG_20020406_0118.14	have-03	yes
DF-199-194215-653_0484.27	take-01	yes
DF-199-194215-653_0484.27	call-02	yes
DF-199-194215-653_0484.27	make-02	yes
DF-199-194215-653_0484.27	leave-12	yes
NW_AFP_ENG_0010_2003_0401.3	leave-15	yes
NW_AFP_ENG_0010_2003_0401.3	include-91	no
NW_AFP_ENG_0010_2003_0401.3	know-01	yes
NW_AFP_ENG_0010_2003_0401.3	good-02	yes
NW_AFP_ENG_0019_2003_0630.12	source-02	yes
DF-199-194215-653_0484.15	right-05	yes
PROXY_LTW_ENG_20080727_0030.25	attend-01	yes
PROXY_NYT_ENG_20040724_0084.24	use-01	yes
PROXY_NYT_ENG_20040724_0084.24	feel-01	yes
DF-200-192400-625_7806.10	try-01	yes
DF-200-192400-625_7806.10	keep-02	yes
DF-200-192400-625_7806.10	make-01	yes
bolt12_91455_5344.1	have-03	yes
DF-200-192400-625_7806.12	get-04	yes
DF-200-192400-625_7806.12	make-02	yes
DF-200-192400-625_7806.12	include-91	no
DF-200-192400-625_7806.12	feel-01	yes
DF-200-192400-625_7806.12	work-09	yes
PROXY_XIN_ENG_20020725_0333.6	lead-02	yes
PROXY_XIN_ENG_20020725_0333.6	find-01	yes
PROXY_XIN_ENG_20020725_0333.6	lead-02	yes
PROXY_XIN_ENG_20020725_0333.6	lead-02	yes
PROXY_LTW_ENG_20081115_0076.4	meet-03	yes
PROXY_LTW_ENG_20070930_0021.20	good-02	yes
PROXY_LTW_ENG_20070930_0021.20	follow-02	yes
PROXY_LTW_ENG_20070930_0021.20	good-02	yes
DF-200-192400-625_7046.15	go-01	yes
bolt12_6455_6561.22	follow-02	yes
bolt12_6455_6561.22	apply-02	yes
DF-200-192400-625_7806.1	like-01	yes
DF-200-192400-625_7806.1	come-01	yes
DF-200-192400-625_7806.1	worry-01	yes
PROXY_LTW_ENG_20081115_0076.5	act-02	yes
PROXY_LTW_ENG_20081115_0076.5	meet-03	yes
ENG_DF_000170_20050903_C00020J0V_0001.65	show-01	yes
ENG_DF_000170_20050903_C00020J0V_0001.65	send-01	yes
ENG_DF_000170_20050903_C00020J0V_0001.65	get-02	yes
DF-200-192400-625_7806.14	find-01	yes
DF-200-192400-625_7806.14	make-02	yes
wb.eng_0003.47	find-02	yes
wb.eng_0003.47	base-02	yes
wb.eng_0003.47	good-02	yes
wb.eng_0003.47	base-02	yes
NW_XIN_ENG_0209_2008_0513.12	fall-01	yes
NW_XIN_ENG_0189_2003_0324.2	include-91	no
PROXY_XIN_ENG_20031107_0242.7	short-07	yes
NW_AFP_ENG_0015_2003_0514.7	meet-03	yes
NW_AFP_ENG_0015_2003_0514.7	take-01	yes
ENG_NA_020001_20161020_G0023FSUM_0001.4	good-02	yes
DF-200-192400-625_6344.7	work-01	yes
PROXY_XIN_ENG_20041219_0059.15	new-01	yes
PROXY_XIN_ENG_20041219_0059.15	cover-01	yes
PROXY_XIN_ENG_20041219_0059.15	include-91	no
wb.eng_0003.52	wrong-04	yes
wb.eng_0003.84	include-91	no
wb.eng_0003.84	use-01	yes
PROXY_NYT_ENG_20020406_0118.35	lose-02	yes
NW_AFP_ENG_0014_2003_0502.11	lose-02	yes
NW_AFP_ENG_0018_2003_0616.8	move-01	yes
NW_AFP_ENG_0018_2003_0616.8	move-01	yes
PROXY_XIN_ENG_20020905_0122.19	consider-02	yes
PROXY_NYT_ENG_20050716_0171.59	make-02	yes
PROXY_NYT_ENG_20050716_0171.59	negative-02	yes
bolt12_9145_5531.7	good-03	yes
PROXY_NYT_ENG_20071115_0274.19	use-01	yes
DF-200-192400-625_6344.9	have-06	yes
DF-200-192400-625_6344.9	turn-02	yes
NW_XIN_ENG_0191_2005_0405.4	head-01	yes
NW_XIN_ENG_0191_2005_0405.4	charge-08	yes
NW_XIN_ENG_0191_2005_0405.4	have-03	yes
NW_XIN_ENG_0191_2005_0405.4	cover-01	yes
NW_XIN_ENG_0191_2005_0405.4	know-01	yes
PROXY_NYT_ENG_20081128_0005.5	head-01	yes
PROXY_NYT_ENG_20081128_0005.5	source-02	yes
DF-200-192400-625_6677.13	bad-07	yes
bolt12_6455_6562.21	bear-01	yes
PROXY_XIN_ENG_20011006_0073.7	claim-01	yes
PROXY_XIN_ENG_20011006_0073.7	claim-01	yes
PROXY_XIN_ENG_20011006_0073.7	back-01	yes
NW_XIN_ENG_0189_2003_0324.3	strike-01	yes
PROXY_XIN_ENG_20040403_0262.11	include-91	no
PROXY_LTW_ENG_20070831_0072.18	short-06	yes
PROXY_LTW_ENG_20070831_0072.18	use-01	yes
DF-200-192400-625_6344.2	have-03	yes
DF-200-192400-625_6344.2	free-04	yes
DF-200-192400-625_6344.2	find-01	yes
DF-200-192400-625_6344.2	new-01	yes
PROXY_NYT_ENG_20040724_0084.42	use-01	yes
ENG_NA_020001_20161020_G0023FSVF_0001.4	have-03	yes
PROXY_NYT_ENG_20020406_0118.39	case-04	yes
DF-200-192400-625_7744.10	know-01	yes
DF-200-192400-625_7744.10	go-02	yes
ENG_NA_020001_20161020_G0023FSWF_0001.5	find-01	yes
NW_AFP_ENG_0019_2003_0630.19	return-01	yes
NW_AFP_ENG_0019_2003_0630.19	short-07	yes
PROXY_NYT_ENG_20071115_0274.11	include-91	no
PROXY_XIN_ENG_20020725_0113.18	aim-01	yes
PROXY_XIN_ENG_20020725_0113.18	act-02	yes
wb.eng_0003.97	right-05	yes
wb.eng_0003.97	get-05	yes
wb.eng_0003.97	work-01	yes
NW_XIN_ENG_0209_2008_0513.20	worry-01	yes
NW_XIN_ENG_0209_2008_0513.20	issue-02	yes
NW_XIN_ENG_0209_2008_0513.20	develop-02	yes
NW_XIN_ENG_0209_2008_0513.20	have-03	yes
NW_XIN_ENG_0209_2008_0513.20	settle-02	yes
NW_XIN_ENG_0209_2008_0513.20	view-02	yes
bolt12_64556_5628.1	like-02	yes
bolt12_64556_5628.1	spread-03	yes
bolt12_64556_5628.1	come-03	yes
nw.chtb_0324.2	hold-04	yes
NW_XIN_ENG_0193_2006_0822.11	lose-01	yes
NW_XIN_ENG_0193_2006_0822.11	send-01	yes
nw.chtb_0303.2	hold-04	yes
PROXY_XIN_ENG_20041219_0059.13	join-01	yes
PROXY_NYT_ENG_20050716_0171.56	give-01	yes
PROXY_NYT_ENG_20050716_0171.3	lead-02	yes
bolt12_6455_6566.1	show-01	yes
ENG_DF_000170_20050903_C00020J0V_0001.23	free-01	yes
ENG_DF_000170_20050903_C00020J0V_0001.23	use-01	yes
NW_XIN_ENG_0194_2007_0704.10	leave-12	yes
NW_XIN_ENG_0194_2007_0704.10	short-06	yes
ENG_NA_020001_20161020_G0023FSW5_0001.6	work-01	yes
ENG_NA_020001_20161020_G0023FSW5_0001.6	turn-02	yes
NW_AFP_ENG_0014_2003_0502.9	take-01	yes
ENG_NA_020001_20161020_G0023FSUZ_0001.5	find-01	yes
PROXY_XIN_ENG_20020725_0113.7	work-01	yes
PROXY_XIN_ENG_20020725_0113.7	close-10	yes
PROXY_XIN_ENG_20021123_0156.11	deal-01	yes
DF-200-192400-625_6344.6	have-03	yes
DF-200-192400-625_6344.6	private-03	yes
DF-200-192400-625_6344.6	break-01	yes
DF-200-192400-625_6304.23	go-02	yes
bolt12_91455_5325.1	show-04	yes
bolt12_91455_5325.1	mean-01	yes
bolt12_91455_5325.1	look-01	yes
bolt12_91455_5325.1	know-01	yes
bolt12_91455_5325.1	perform-01	yes
ENG_NA_020001_20161020_G0023FSVE_0001.4	come-01	yes
ENG_NA_020001_20161020_G0023FSVE_0001.4	stop-01	yes
PROXY_NYT_ENG_20040724_0084.8	take-01	yes
PROXY_NYT_ENG_20070828_0223.21	question-01	yes
PROXY_NYT_ENG_20081008_0040.21	include-01	no
DF-200-192400-625_7744.9	worry-02	yes
DF-200-192400-625_7744.9	leave-12	yes
DF-200-192400-625_7744.9	lose-02	yes
PROXY_XIN_ENG_20020905_0122.13	rule-03	yes
PROXY_LTW_ENG_20080727_0030.27	new-01	yes
PROXY_LTW_ENG_20080727_0030.27	include-01	no
ENG_NA_020001_20161020_G0023FSW8_0001.4	find-01	yes
PROXY_NYT_ENG_20070828_0223.23	claim-01	yes
bolt12_6455_6566.4	make-02	yes
bolt12_6455_6566.4	get-05	yes
bolt12_6455_6566.4	lose-03	yes
bolt12_6455_6566.4	have-03	yes
bolt12_6455_6566.4	new-01	yes
bolt12_6455_6566.4	get-05	yes
PROXY_LTW_ENG_20081115_0076.20	base-01	yes
PROXY_LTW_ENG_20080727_0030.23	add-02	yes
NW_XIN_ENG_0189_2003_0324.5	add-01	yes
NW_XIN_ENG_0189_2003_0324.5	fire-01	yes
PROXY_NYT_ENG_20040724_0084.9	put-03	yes
NW_AFP_ENG_0019_2003_0630.15	open-01	yes
NW_AFP_ENG_0019_2003_0630.15	lead-01	yes
PROXY_XIN_ENG_20031107_0242.17	go-10	yes
wb.eng_0003.90	like-01	yes
wb.eng_0003.90	develop-02	yes
PROXY_NYT_ENG_20050716_0171.17	serve-01	yes
PROXY_NYT_ENG_20040724_0084.45	source-02	yes
PROXY_NYT_ENG_20040724_0084.45	include-91	no
DF-200-192400-625_7806.3	feel-01	yes
DF-200-192400-625_7806.3	worry-02	yes
PROXY_LTW_ENG_20070930_0021.13	declare-02	yes
PROXY_LTW_ENG_20070930_0021.13	apply-02	yes
PROXY_LTW_ENG_20070930_0021.13	measure-02	yes
PROXY_LTW_ENG_20070930_0021.13	measure-02	yes
DF-200-192400-625_7806.5	include-01	no
DF-200-192400-625_7806.5	go-02	yes
DF-200-192400-625_7806.5	act-02	yes
DF-200-192400-625_7806.5	clear-06	yes
DF-200-192400-625_7806.5	serious-02	yes
DF-200-192400-625_6304.15	turn-02	yes
DF-200-192400-625_6304.15	have-03	yes
DF-200-192400-625_6304.15	leave-17	yes
PROXY_XIN_ENG_20030709_0070.4	use-01	yes
PROXY_NYT_ENG_20020406_0118.32	case-04	yes
PROXY_NYT_ENG_20020406_0118.32	bad-07	yes
PROXY_NYT_ENG_20020406_0118.32	know-01	yes
ENG_NA_020001_20161020_G0023FSW0_0001.4	complete-02	yes
PROXY_XIN_ENG_20030624_0298.6	claim-01	yes
PROXY_XIN_ENG_20030624_0298.6	responsible-01	yes
PROXY_NYT_ENG_20081008_0040.30	consider-01	yes
PROXY_NYT_ENG_20081008_0040.30	deal-01	yes
PROXY_NYT_ENG_20080808_0162.32	clear-06	yes
ENG_NA_020001_20161020_G0023FSVH_0001.4	bad-07	yes
bolt12_6455_6561.3	mean-01	yes
bolt12_6455_6561.3	know-01	yes
PROXY_NYT_ENG_20020406_0118.22	know-01	yes
PROXY_NYT_ENG_20020406_0118.22	lead-02	yes
PROXY_NYT_ENG_20020406_0118.22	sense-01	yes
PROXY_NYT_ENG_20081128_0005.12	make-05	yes
PROXY_LTW_ENG_20081115_0076.9	new-01	yes
nw.chtb_0324.11	look-02	yes
PROXY_NYT_ENG_20081008_0040.13	approach-02	yes
NW_AFP_ENG_0015_2003_0514.4	mean-01	yes
NW_AFP_ENG_0015_2003_0514.4	return-01	yes
NW_AFP_ENG_0014_2003_0502.6	hold-01	yes
PROXY_LTW_ENG_20070930_0021.31	consider-02	yes
PROXY_LTW_ENG_20070930_0021.31	approach-02	yes
PROXY_LTW_ENG_20070930_0021.31	base-02	yes
ENG_NA_020001_20161020_G0023FSWE_0001.4	have-03	yes
ENG_NA_020001_20161020_G0023FSWE_0001.4	know-01	yes
PROXY_XIN_ENG_20030624_0298.13	include-91	no
nw.chtb_0318.2	hold-04	yes
PROXY_XIN_ENG_20020725_0113.8	include-91	no
ENG_DF_000170_20050903_C00020J0V_0001.51	work-01	yes
PROXY_XIN_ENG_20030428_0226.17	fire-01	yes
NW_AFP_ENG_0019_2003_0630.2	free-04	yes
NW_AFP_ENG_0019_2003_0630.2	move-01	yes
NW_AFP_ENG_0019_2003_0630.2	know-01	yes
NW_AFP_ENG_0019_2003_0630.2	source-02	yes
ENG_NA_020001_20161020_G0023FSVH_0001.5	good-04	yes
bolt12_6455_6566.3	have-03	yes
bolt12_6455_6566.3	follow-02	yes
PROXY_NYT_ENG_20080808_0162.15	strike-01	yes
NW_AFP_ENG_0019_2003_0630.16	source-02	yes
NW_AFP_ENG_0019_2003_0630.16	address-02	yes
NW_AFP_ENG_0019_2003_0630.16	use-01	yes
DF-200-192400-625_6304.4	go-06	yes
NW_AFP_ENG_0010_2003_0401.6	serve-01	yes
PROXY_XIN_ENG_20021123_0156.7	work-01	yes
PROXY_LTW_ENG_20080727_0030.11	have-03	yes
PROXY_LTW_ENG_20080727_0030.11	work-09	yes
wb.eng_0003.66	private-03	yes
wb.eng_0003.66	serve-01	yes
DF-200-192400-625_7557.30	mean-01	yes
DF-200-192400-625_7557.30	cut-01	yes
DF-200-192400-625_7557.30	stop-01	yes
PROXY_XIN_ENG_20040429_0189.6	issue-02	yes
PROXY_NYT_ENG_20040724_0084.6	use-01	yes
PROXY_XIN_ENG_20041010_0024.5	sign-01	yes
wb.eng_0003.30	feel-01	yes
ENG_NA_020001_20161020_G0023FSW6_0001.4	have-03	yes
PROXY_XIN_ENG_20041010_0024.15	develop-02	yes
PROXY_XIN_ENG_20041010_0024.15	worth-01	yes
PROXY_XIN_ENG_20041010_0024.15	develop-02	yes
PROXY_LTW_ENG_20070831_0072.7	consider-02	yes
PROXY_LTW_ENG_20070831_0072.7	issue-02	yes
ENG_NA_020001_20161020_G0023FSVV_0001.5	have-03	yes
PROXY_XIN_ENG_20041219_0059.19	new-01	yes
PROXY_LTW_ENG_20081115_0076.28	new-01	yes
PROXY_LTW_ENG_20070930_0021.27	issue-02	yes
PROXY_LTW_ENG_20070930_0021.27	include-01	no
DF-200-192392-456_1160.4	get-03	yes
DF-199-194215-653_0484.32	go-06	yes
PROXY_XIN_ENG_20020701_0314.10	charge-05	yes
PROXY_XIN_ENG_20020701_0314.10	abuse-02	yes
PROXY_XIN_ENG_20040922_0123.6	sign-01	yes
PROXY_XIN_ENG_20020701_0314.12	run-01	yes
PROXY_NYT_ENG_20040724_0084.43	include-91	no
NW_AFP_ENG_0017_2003_0607.3	rule-03	yes
NW_XIN_ENG_0192_2005_0906.3	try-01	yes
NW_XIN_ENG_0192_2005_0906.3	good-02	yes
ENG_DF_000170_20050903_C00020J0V_0001.37	issue-02	yes
DF-199-194215-653_0484.21	have-03	yes
DF-199-194215-653_0484.21	include-91	no
NW_XIN_ENG_0191_2005_0405.13	take-01	yes
NW_XIN_ENG_0191_2005_0405.13	know-01	yes
NW_XIN_ENG_0191_2005_0405.13	try-01	yes
PROXY_XIN_ENG_20021123_0156.18	develop-01	yes
PROXY_XIN_ENG_20021123_0156.18	develop-02	yes
DF-200-192400-625_7806.2	find-01	yes
DF-200-192400-625_7806.2	feel-01	yes
ENG_NA_020001_20161020_G0023FSV7_0001.4	use-02	yes
ENG_NA_020001_20161020_G0023FSV7_0001.4	go-01	yes
NW_AFP_ENG_0016_2003_0527.2	lead-02	yes
NW_AFP_ENG_0016_2003_0527.2	meet-03	yes
NW_AFP_ENG_0016_2003_0527.2	issue-02	yes
NW_AFP_ENG_0016_2003_0527.2	concern-01	yes
PROXY_NYT_ENG_20081008_0040.4	approach-02	yes
PROXY_NYT_ENG_20081008_0040.4	deal-01	yes
PROXY_XIN_ENG_20040403_0262.16	develop-02	yes
PROXY_XIN_ENG_20040403_0262.16	find-02	yes
PROXY_XIN_ENG_20030624_0298.5	consider-02	yes
PROXY_XIN_ENG_20030624_0298.17	work-01	yes
PROXY_XIN_ENG_20040403_0262.15	run-01	yes
NW_XIN_ENG_0191_2005_0405.12	include-91	no
NW_XIN_ENG_0191_2005_0405.12	miss-01	yes
PROXY_NYT_ENG_20081128_0005.24	serve-01	yes
PROXY_XIN_ENG_20041219_0059.7	join-01	yes
NW_XIN_ENG_0192_2005_0906.5	commit-01	yes
NW_XIN_ENG_0192_2005_0906.5	take-01	yes
DF-200-192400-625_7744.13	get-05	yes
DF-200-192400-625_7744.13	out-06	yes
PROXY_LTW_ENG_20070930_0021.23	view-02	yes
PROXY_NYT_ENG_20081008_0040.31	call-03	yes
PROXY_XIN_ENG_20040429_0189.26	manage-01	yes
PROXY_XIN_ENG_20030709_0070.5	use-01	yes
PROXY_NYT_ENG_20020406_0118.19	like-02	yes
PROXY_LTW_ENG_20070831_0072.22	issue-02	yes
DF-199-194215-653_0484.24	concern-02	yes
PROXY_LTW_ENG_20070831_0072.6	use-01	yes
nw.chtb_0305.9	set-02	yes
nw.chtb_0305.9	good-02	yes
PROXY_XIN_ENG_20011006_0073.12	mean-01	yes
DF-200-192400-625_7557.17	care-01	yes
PROXY_NYT_ENG_20020406_0118.26	include-91	no
PROXY_XIN_ENG_20021123_0156.4	meet-03	yes
PROXY_NYT_ENG_20080808_0162.5	strike-01	yes
PROXY_NYT_ENG_20020406_0118.20	work-01	yes
PROXY_NYT_ENG_20020406_0118.20	close-10	yes
PROXY_NYT_ENG_20020406_0118.20	responsible-03	yes
PROXY_XIN_ENG_20021228_0162.13	include-91	no
DF-200-192400-625_7046.9	feel-01	yes
DF-200-192400-625_7046.9	new-02	yes
DF-200-192400-625_7046.9	feel-01	yes
PROXY_XIN_ENG_20040429_0189.18	develop-02	yes
PROXY_XIN_ENG_20040429_0189.18	close-10	yes
wb.eng_0003.76	have-03	yes
wb.eng_0003.76	use-01	yes
DF-200-192400-625_6304.3	hard-02	yes
NW_AFP_ENG_0009_2003_0330.4	stop-01	yes
NW_AFP_ENG_0009_2003_0330.4	mean-01	yes
wb.eng_0003.86	use-01	yes
NW_XIN_ENG_0198_2008_1218.5	measure-01	yes
bolt12_91455_5332.1	perform-01	yes
NW_AFP_ENG_0019_2003_0630.10	free-04	yes
NW_AFP_ENG_0019_2003_0630.5	back-01	yes
NW_AFP_ENG_0019_2003_0630.5	aim-01	yes
PROXY_NYT_ENG_20080808_0162.10	present-02	yes
PROXY_NYT_ENG_20081008_0040.8	free-01	yes
bolt12_91455_5312.1	include-91	no
PROXY_NYT_ENG_20050716_0171.41	include-91	no
PROXY_XIN_ENG_20041010_0024.16	include-91	no
PROXY_XIN_ENG_20041010_0024.16	come-03	yes
bolt12_91455_5342.2	make-01	yes
bolt12_91455_5342.2	have-03	yes
DF-200-192400-625_7046.7	know-01	yes
DF-200-192400-625_7046.7	feel-01	yes
DF-200-192400-625_7046.7	try-01	yes
ENG_DF_000170_20050903_C00020J0V_0001.38	try-01	yes
ENG_DF_000170_20050903_C00020J0V_0001.38	find-01	yes
PROXY_XIN_ENG_20021123_0156.16	sense-02	yes
PROXY_XIN_ENG_20021123_0156.16	develop-02	yes
DF-200-192400-625_6677.3	show-01	yes
NW_AFP_ENG_0016_2003_0527.7	good-02	yes
NW_XIN_ENG_0196_2008_1027.3	measure-01	yes
NW_XIN_ENG_0196_2008_1027.3	lose-02	yes
DF-200-192400-625_7744.27	okay-04	yes
PROXY_NYT_ENG_20070828_0223.13	have-03	yes
NW_AFP_ENG_0017_2003_0607.5	add-01	yes
NW_AFP_ENG_0017_2003_0607.5	make-02	yes
PROXY_XIN_ENG_20030709_0070.7	consider-01	yes
PROXY_XIN_ENG_20030709_0070.7	mean-01	yes
PROXY_XIN_ENG_20030709_0070.7	deal-01	yes
PROXY_XIN_ENG_20030709_0070.7	sense-02	yes
PROXY_XIN_ENG_20030709_0070.7	deal-01	yes
PROXY_XIN_ENG_20030709_0070.7	issue-02	yes
NW_XIN_ENG_0209_2008_0513.9	leave-12	yes
DF-199-194215-653_0484.7	have-03	yes
DF-199-194215-653_0484.7	have-03	yes
DF-199-194215-653_0484.7	issue-02	yes
NW_XIN_ENG_0209_2008_0513.11	find-01	yes
NW_XIN_ENG_0209_2008_0513.11	try-01	yes
NW_XIN_ENG_0209_2008_0513.11	fall-01	yes
NW_AFP_ENG_0012_2003_0419.4	mean-01	yes
NW_AFP_ENG_0012_2003_0419.4	recover-02	yes
ENG_NA_020001_20161020_G0023FSV1_0001.5	send-01	yes
PROXY_XIN_ENG_20021020_0012.5	run-01	yes
PROXY_XIN_ENG_20040429_0189.21	include-91	no
wb.eng_0003.89	use-01	yes
wb.eng_0003.89	work-01	yes
PROXY_LTW_ENG_20080727_0030.28	commit-01	yes
PROXY_LTW_ENG_20080727_0030.28	stop-01	yes
PROXY_XIN_ENG_20020905_0122.4	follow-01	yes
bolt12_6455_6561.31	come-03	yes
PROXY_NYT_ENG_20081128_0005.17	process-01	yes
PROXY_XIN_ENG_20020725_0113.17	meet-03	yes
NW_XIN_ENG_0195_2008_0420.13	come-01	yes
PROXY_XIN_ENG_20030709_0070.3	lead-02	yes
ENG_DF_000170_20050903_C00020J0V_0001.47	separate-01	yes
NW_AFP_ENG_0019_2003_0630.20	manage-01	yes
DF-200-192400-625_7046.16	get-01	yes
DF-200-192400-625_7046.16	good-02	yes
DF-200-192400-625_7046.16	have-03	yes
DF-200-192400-625_7046.16	work-01	yes
DF-200-192400-625_7046.16	hard-02	yes
DF-200-192400-625_7046.16	get-01	yes
PROXY_NYT_ENG_20020406_0118.29	include-91	no
PROXY_NYT_ENG_20020406_0118.29	cool-01	yes
PROXY_XIN_ENG_20020725_0113.10	lead-02	yes
PROXY_NYT_ENG_20070618_0031.15	suppose-02	yes
PROXY_NYT_ENG_20070618_0031.15	send-01	yes
nw.chtb_0324.15	compete-01	yes
nw.chtb_0324.15	compete-01	yes
PROXY_NYT_ENG_20070828_0223.24	have-03	yes
wb.eng_0003.12	spend-01	yes
bolt12_9145_5531.1	force-01	yes
bolt12_9145_5531.1	work-01	yes
bolt12_9145_5531.1	make-02	yes
bolt12_9145_5531.1	meet-03	yes
ENG_NA_020001_20161020_G0023FSUP_0001.4	make-02	yes
ENG_NA_020001_20161020_G0023FSUP_0001.4	come-01	yes
ENG_NA_020001_20161020_G0023FSUP_0001.4	find-01	yes
PROXY_XIN_ENG_20020701_0314.8	abuse-02	yes
PROXY_NYT_ENG_20070618_0031.11	hold-04	yes
PROXY_NYT_ENG_20070618_0031.11	include-01	no
nw.chtb_0324.8	compete-01	yes
PROXY_NYT_ENG_20070828_0223.36	private-03	yes
NW_XIN_ENG_0195_2008_0420.14	bad-02	yes
PROXY_NYT_ENG_20080919_0209.5	include-91	no
PROXY_NYT_ENG_20080919_0209.5	lead-02	yes
PROXY_XIN_ENG_20040403_0262.10	meet-03	yes
PROXY_LTW_ENG_20070930_0021.6	new-01	yes
ENG_DF_000170_20050903_C00020J0V_0001.56	have-03	yes
ENG_DF_000170_20050903_C00020J0V_0001.56	develop-02	yes
ENG_DF_000170_20050903_C00020J0V_0001.56	care-03	yes
ENG_DF_000170_20050903_C00020J0V_0001.56	come-01	yes
nw.chtb_0318.7	meet-03	yes
nw.chtb_0318.7	attend-02	yes
nw.chtb_0318.7	hold-04	yes
PROXY_NYT_ENG_20050716_0171.15	have-03	yes
PROXY_NYT_ENG_20050716_0171.15	open-04	yes
PROXY_NYT_ENG_20050716_0171.15	right-05	yes
PROXY_NYT_ENG_20050716_0171.15	question-03	yes
PROXY_XIN_ENG_20041219_0059.8	private-03	yes
DF-200-192400-625_6344.11	come-01	yes
DF-200-192400-625_6344.11	know-01	yes
DF-200-192400-625_6344.11	make-18	yes
NW_AFP_ENG_0014_2003_0502.8	hold-01	yes
NW_AFP_ENG_0014_2003_0502.8	meet-03	yes
ENG_DF_000170_20050903_C00020J0V_0001.53	call-02	yes
ENG_DF_000170_20050903_C00020J0V_0001.53	call-01	yes
DF-200-192400-625_7557.2	stop-01	yes
NW_XIN_ENG_0195_2008_0420.4	head-01	yes
NW_XIN_ENG_0195_2008_0420.4	include-01	no
PROXY_XIN_ENG_20031107_0242.8	follow-01	yes
PROXY_XIN_ENG_20031107_0242.8	hold-04	yes
PROXY_XIN_ENG_20031107_0242.8	meet-03	yes
DF-200-192400-625_7046.3	lose-02	yes
DF-200-192400-625_7046.3	feel-01	yes
DF-200-192400-625_7046.3	use-03	yes
DF-200-192400-625_7046.3	move-01	yes
DF-200-192400-625_7046.3	have-03	yes
PROXY_XIN_ENG_20041010_0024.7	attend-01	yes
NW_XIN_ENG_0191_2005_0405.3	miss-01	yes
NW_XIN_ENG_0191_2005_0405.3	leave-13	yes
PROXY_NYT_ENG_20050716_0171.38	question-01	yes
PROXY_NYT_ENG_20050716_0171.38	open-04	yes
wb.eng_0003.60	recognize-02	yes
PROXY_XIN_ENG_20020725_0113.4	try-01	yes
PROXY_XIN_ENG_20011006_0073.14	find-01	yes
nw.chtb_0325.3	compete-01	yes
DF-199-194215-653_0484.4	right-05	yes
PROXY_XIN_ENG_20030428_0226.8	lead-02	yes
PROXY_XIN_ENG_20040922_0123.15	work-01	yes
PROXY_XIN_ENG_20040922_0123.15	measure-02	yes
DF-200-192400-625_6344.22	know-01	yes
DF-200-192400-625_6344.22	get-01	yes
DF-200-192400-625_6344.22	good-02	yes
PROXY_NYT_ENG_20020406_0118.28	include-91	no
ENG_NA_020001_20161020_G0023FSVY_0001.6	leave-11	yes
ENG_NA_020001_20161020_G0023FSVY_0001.6	come-01	yes
ENG_NA_020001_20161020_G0023FSVY_0001.6	send-01	yes
PROXY_XIN_ENG_20030624_0298.11	claim-01	yes
NW_XIN_ENG_0189_2003_0324.1	include-01	no
NW_XIN_ENG_0189_2003_0324.1	fire-01	yes
NW_XIN_ENG_0189_2003_0324.1	lead-02	yes
bolt12_6455_6561.25	serve-01	yes
PROXY_LTW_ENG_20070831_0072.19	meet-01	yes
PROXY_LTW_ENG_20070831_0072.19	develop-02	yes
PROXY_LTW_ENG_20070831_0072.19	new-01	yes
PROXY_NYT_ENG_20070828_0223.10	close-01	yes
bolt12_91455_5341.1	look-02	yes
nw.chtb_0318.10	head-01	yes
PROXY_NYT_ENG_20020406_0118.4	lose-02	yes
DF-200-192400-625_6677.11	mind-05	yes
PROXY_NYT_ENG_20020406_0118.16	work-01	yes
NW_AFP_ENG_0013_2003_0427.10	right-05	yes
NW_AFP_ENG_0013_2003_0427.10	use-01	yes
PROXY_XIN_ENG_20040429_0189.20	consider-01	yes
ENG_NA_020001_20161020_G0023FSUM_0001.6	come-01	yes
DF-200-192400-625_6344.20	get-04	yes
PROXY_XIN_ENG_20041219_0059.6	direct-01	yes
nw.chtb_0324.7	compete-01	yes
NW_AFP_ENG_0013_2003_0427.3	order-01	yes
bolt12_6455_6562.16	lose-02	yes
ENG_NA_020001_20161020_G0023FSVW_0001.4	save-02	yes
PROXY_XIN_ENG_20040407_0026.8	show-01	yes
PROXY_XIN_ENG_20040407_0026.8	leave-11	yes
PROXY_NYT_ENG_20050716_0171.4	worry-01	yes
PROXY_NYT_ENG_20050716_0171.4	deal-01	yes
wb.eng_0003.45	point-04	yes
wb.eng_0003.45	fair-01	yes
PROXY_NYT_ENG_20081128_0005.20	find-01	yes
NW_AFP_ENG_0019_2003_0630.11	come-04	yes
NW_XIN_ENG_0209_2008_0513.3	come-01	yes
NW_XIN_ENG_0209_2008_0513.3	hard-02	yes
ENG_NA_020001_20161020_G0023FSV3_0001.4	fall-01	yes
NW_XIN_ENG_0190_2003_0709.6	lose-01	yes
NW_XIN_ENG_0190_2003_0709.6	direct-02	yes
PROXY_XIN_ENG_20030428_0226.13	make-01	yes
PROXY_XIN_ENG_20020701_0314.14	act-02	yes
nw.chtb_0322.17	compete-01	yes
PROXY_LTW_ENG_20081115_0076.16	use-01	yes
DF-200-192400-625_7046.2	leave-11	yes
DF-200-192400-625_7046.2	get-05	yes
DF-200-192400-625_7046.2	feel-01	yes
DF-200-192400-625_7046.2	feel-01	yes
NW_AFP_ENG_0019_2003_0630.17	move-01	yes
NW_AFP_ENG_0019_2003_0630.17	free-04	yes
NW_AFP_ENG_0019_2003_0630.17	force-04	yes
bolt12_6455_6561.34	go-01	yes
nw.chtb_0325.2	perform-01	yes
nw.chtb_0325.2	compete-01	yes
nw.chtb_0325.2	compete-01	yes
nw.chtb_0325.2	hold-04	yes
DF-200-192400-625_7200.10	use-03	yes
DF-200-192400-625_7200.10	bear-02	yes
PROXY_NYT_ENG_20050716_0171.46	direct-02	yes
PROXY_NYT_ENG_20080808_0162.30	act-02	yes
NW_AFP_ENG_0010_2003_0401.7	separate-02	yes
NW_XIN_ENG_0195_2008_0420.7	cover-01	yes
NW_XIN_ENG_0195_2008_0420.7	have-03	yes
ENG_DF_000170_20050903_C00020J0V_0001.19	look-01	yes
NW_AFP_ENG_0018_2003_0616.2	bear-02	yes
NW_AFP_ENG_0018_2003_0616.2	include-91	no
NW_AFP_ENG_0018_2003_0616.2	know-01	yes
PROXY_NYT_ENG_20050716_0171.13	free-04	yes
DF-199-194215-653_0484.5	work-09	yes
PROXY_NYT_ENG_20080919_0209.7	lead-02	yes
PROXY_XIN_ENG_20021123_0156.8	complete-01	yes
PROXY_XIN_ENG_20021123_0156.8	open-01	yes
PROXY_NYT_ENG_20070618_0031.8	follow-01	yes
bolt12_6455_6561.10	commit-02	yes
bolt12_9145_5533.1	good-02	yes
wb.eng_0003.77	get-03	yes
wb.eng_0003.77	close-10	yes
DF-200-192400-625_6304.11	work-01	yes
DF-200-192400-625_6304.11	feel-01	yes
NW_AFP_ENG_0012_2003_0419.5	include-91	no
ENG_NA_020001_20161020_G0023FSUZ_0001.6	find-01	yes
NW_XIN_ENG_0209_2008_0513.8	find-01	yes
NW_XIN_ENG_0209_2008_0513.8	stop-03	yes
PROXY_NYT_ENG_20081128_0005.15	drop-01	yes
ENG_DF_000170_20050903_C00020J0V_0001.58	include-01	no
ENG_DF_000170_20050903_C00020J0V_0001.58	meet-03	yes
NW_AFP_ENG_0019_2003_0630.18	source-02	yes
wb.eng_0003.71	point-03	yes
wb.eng_0003.71	claim-01	yes
DF-200-192400-625_7046.6	try-01	yes
DF-200-192400-625_7046.6	find-02	yes
DF-200-192400-625_7046.6	try-01	yes
DF-200-192400-625_7046.6	feel-01	yes
DF-200-192400-625_7046.6	feel-01	yes
ENG_NA_020001_20161020_G0023FSWA_0001.4	have-03	yes
DF-200-192400-625_6304.16	go-01	yes
DF-200-192400-625_6304.16	get-05	yes
wb.eng_0003.94	make-02	yes
PROXY_XIN_ENG_20041219_0059.5	develop-02	yes
PROXY_LTW_ENG_20080727_0030.29	appear-02	yes
wb.eng_0003.100	direct-01	yes
DF-200-192400-625_7744.16	know-01	yes
DF-200-192400-625_7744.16	have-03	yes
DF-200-192400-625_7744.16	try-01	yes
DF-200-192400-625_7744.16	keep-01	yes
PROXY_XIN_ENG_20020829_0017.6	leave-12	yes
PROXY_XIN_ENG_20020829_0017.6	serious-02	yes
NW_AFP_ENG_0017_2003_0607.6	rule-03	yes
PROXY_XIN_ENG_20030624_0298.8	act-02	yes
PROXY_XIN_ENG_20030624_0298.8	base-02	yes
PROXY_XIN_ENG_20030624_0298.8	try-01	yes
NW_XIN_ENG_0190_2003_0709.8	include-01	no
PROXY_NYT_ENG_20080919_0209.10	include-91	no
ENG_NA_020001_20161020_G0023FSUU_0001.4	have-03	yes
NW_AFP_ENG_0016_2003_0527.8	lead-02	yes
DF-200-192400-625_7557.8	cut-01	yes
PROXY_XIN_ENG_20040407_0026.5	show-01	yes
DF-200-192400-625_7557.5	cut-01	yes
PROXY_NYT_ENG_20050716_0171.24	look-01	yes
PROXY_NYT_ENG_20050716_0171.24	move-02	yes
PROXY_XIN_ENG_20021123_0156.21	pass-01	yes
PROXY_XIN_ENG_20021123_0156.21	meet-03	yes
PROXY_NYT_ENG_20050716_0171.61	have-03	yes
NW_AFP_ENG_0019_2003_0630.8	show-01	yes
NW_AFP_ENG_0019_2003_0630.8	mean-02	yes
bolt12_9145_5536.1	act-01	yes
PROXY_XIN_ENG_20030624_0298.21	include-91	no
PROXY_XIN_ENG_20020725_0113.21	include-91	no
PROXY_XIN_ENG_20020725_0113.21	lead-02	yes
PROXY_XIN_ENG_20020725_0113.21	head-01	yes
PROXY_XIN_ENG_20040403_0262.5	lead-02	yes
DF-200-192400-625_6304.25	try-01	yes
DF-200-192400-625_6304.25	get-04	yes
nw.chtb_0302.5	meet-02	yes
DF-200-192400-625_7200.1	mean-01	yes
PROXY_XIN_ENG_20011006_0073.9	base-01	yes
DF-200-192400-625_7557.28	trust-01	yes
DF-200-192400-625_7557.28	good-02	yes
DF-200-192400-625_7557.28	get-01	yes
DF-200-192400-625_7046.4	feel-01	yes
DF-200-192400-625_7046.4	make-02	yes
DF-200-192400-625_7046.4	work-01	yes
DF-200-192400-625_7046.4	find-01	yes
NW_AFP_ENG_0015_2003_0514.3	process-02	yes
PROXY_XIN_ENG_20020725_0113.23	close-01	yes
PROXY_XIN_ENG_20020725_0113.23	meet-03	yes
nw.chtb_0322.11	present-01	yes
nw.chtb_0322.11	lead-02	yes
PROXY_NYT_ENG_20071115_0274.4	show-01	yes
PROXY_NYT_ENG_20071115_0274.4	use-01	yes
PROXY_NYT_ENG_20050716_0171.27	deal-01	yes
DF-200-192400-625_7200.14	have-03	yes
PROXY_XIN_ENG_20041010_0024.8	lead-02	yes
PROXY_XIN_ENG_20041010_0024.8	separate-02	yes
PROXY_XIN_ENG_20041010_0024.8	meet-03	yes
PROXY_XIN_ENG_20041010_0024.8	hold-04	yes
NW_XIN_ENG_0194_2007_0704.7	force-01	yes
PROXY_NYT_ENG_20081008_0040.23	deal-01	yes
nw.chtb_0322.3	compete-01	yes
PROXY_XIN_ENG_20041219_0059.14	develop-02	yes
PROXY_XIN_ENG_20041219_0059.14	hold-04	yes
wb.eng_0003.3	take-10	yes
NW_AFP_ENG_0019_2003_0630.3	hold-01	yes
PROXY_XIN_ENG_20031107_0242.15	new-01	yes
DF-200-192392-456_1160.3	take-01	yes
DF-199-194215-653_0484.28	make-02	yes
PROXY_NYT_ENG_20080919_0209.15	sign-01	yes
bolt12_6455_6562.6	short-07	yes
PROXY_NYT_ENG_20081128_0005.18	add-01	yes
PROXY_NYT_ENG_20081128_0005.18	hold-01	yes
PROXY_NYT_ENG_20081128_0005.9	find-01	yes
PROXY_NYT_ENG_20081128_0005.9	drop-01	yes
DF-199-194215-653_0484.9	good-02	yes
DF-199-194215-653_0484.9	try-01	yes
ENG_NA_020001_20161020_G0023FSUZ_0001.4	have-03	yes
PROXY_NYT_ENG_20071115_0274.6	charge-05	yes
PROXY_NYT_ENG_20071115_0274.6	direct-01	yes
PROXY_NYT_ENG_20071115_0274.6	use-01	yes
PROXY_NYT_ENG_20020406_0118.10	use-01	yes
nw.chtb_0322.12	perform-01	yes
nw.chtb_0322.12	good-02	yes
PROXY_LTW_ENG_20070930_0021.19	give-01	yes
PROXY_LTW_ENG_20070930_0021.19	approach-02	yes
bolt12_6455_6562.7	strike-01	yes
PROXY_NYT_ENG_20070828_0223.20	process-02	yes
PROXY_LTW_ENG_20070831_0072.17	base-01	yes
PROXY_LTW_ENG_20070831_0072.17	close-01	yes
PROXY_LTW_ENG_20070831_0072.17	question-01	yes
PROXY_NYT_ENG_20050716_0171.28	deal-01	yes
PROXY_NYT_ENG_20070828_0223.26	set-02	yes
PROXY_NYT_ENG_20070828_0223.26	develop-01	yes
PROXY_NYT_ENG_20070828_0223.26	bad-04	yes
NW_XIN_ENG_0195_2008_0420.12	fall-01	yes
nw.chtb_0305.10	develop-02	yes
NW_AFP_ENG_0014_2003_0502.5	include-91	no
NW_AFP_ENG_0014_2003_0502.5	source-02	yes
NW_AFP_ENG_0014_2003_0502.5	close-10	yes
DF-200-192400-625_7200.5	know-01	yes
DF-200-192400-625_7200.5	mean-01	yes
wb.eng_0003.23	take-10	yes
PROXY_LTW_ENG_20070831_0072.5	use-01	yes
PROXY_NYT_ENG_20050716_0171.5	worry-01	yes
PROXY_NYT_ENG_20050716_0171.5	deal-01	yes
DF-199-194215-653_0484.29	keep-01	yes
PROXY_XIN_ENG_20021020_0012.4	follow-01	yes
NW_XIN_ENG_0209_2008_0513.17	lie-07	yes
PROXY_NYT_ENG_20070828_0223.35	use-01	yes
PROXY_NYT_ENG_20070828_0223.35	make-01	yes
PROXY_NYT_ENG_20080919_0209.14	run-01	yes
PROXY_NYT_ENG_20050716_0171.65	use-01	yes
PROXY_XIN_ENG_20040403_0262.3	lead-02	yes
NW_AFP_ENG_0014_2003_0502.2	come-01	yes
ENG_NA_020001_20161020_G0023FSWB_0001.4	ask-02	yes
nw.chtb_0322.18	compete-01	yes
nw.chtb_0322.18	get-01	yes
nw.chtb_0322.18	get-01	yes
nw.chtb_0322.18	lose-03	yes
PROXY_NYT_ENG_20081128_0005.22	stand-11	yes
PROXY_NYT_ENG_20050716_0171.29	order-02	yes
PROXY_NYT_ENG_20080808_0162.6	strike-01	yes
DF-200-192400-625_6344.30	go-02	yes
bolt12_6455_6561.15	responsible-02	yes
bolt12_6455_6561.15	separate-01	yes
NW_AFP_ENG_0009_2003_0330.7	show-01	yes
NW_AFP_ENG_0009_2003_0330.7	lead-02	yes
NW_AFP_ENG_0009_2003_0330.7	separate-02	yes
NW_AFP_ENG_0009_2003_0330.7	feel-02	yes
NW_AFP_ENG_0009_2003_0330.7	include-91	no
NW_AFP_ENG_0009_2003_0330.7	have-03	yes
NW_AFP_ENG_0009_2003_0330.7	back-01	yes
NW_AFP_ENG_0009_2003_0330.7	include-91	no
NW_AFP_ENG_0009_2003_0330.7	have-03	yes
NW_AFP_ENG_0009_2003_0330.7	back-01	yes
PROXY_XIN_ENG_20031107_0242.14	issue-02	yes
PROXY_XIN_ENG_20031107_0242.14	include-01	no
PROXY_XIN_ENG_20040407_0026.6	include-91	no
PROXY_XIN_ENG_20030624_0298.10	deal-01	yes
DF-200-192400-625_6304.2	know-01	yes
DF-200-192400-625_6304.2	take-10	yes
PROXY_LTW_ENG_20070831_0072.24	claim-01	yes
PROXY_LTW_ENG_20070831_0072.24	make-01	yes
PROXY_NYT_ENG_20070828_0223.37	base-01	yes
DF-200-192400-625_7806.6	good-02	yes
PROXY_XIN_ENG_20020725_0333.10	put-03	yes
ENG_DF_000170_20050903_C00020J0V_0001.27	call-02	yes
ENG_DF_000170_20050903_C00020J0V_0001.67	make-18	yes
PROXY_XIN_ENG_20040429_0189.31	concern-01	yes
PROXY_NYT_ENG_20020406_0118.23	work-01	yes
DF-200-192400-625_7557.33	find-01	yes
DF-200-192400-625_7557.33	save-02	yes
DF-200-192400-625_6304.12	have-03	yes
DF-200-192400-625_6304.12	have-03	yes
NW_XIN_ENG_0195_2008_0420.17	strike-01	yes
DF-200-192400-625_6344.12	good-02	yes
PROXY_NYT_ENG_20081008_0040.19	claim-01	yes
PROXY_NYT_ENG_20081008_0040.19	short-07	yes
NW_AFP_ENG_0009_2003_0330.3	join-01	yes
NW_AFP_ENG_0009_2003_0330.3	feel-01	yes
NW_AFP_ENG_0009_2003_0330.3	include-91	no
PROXY_XIN_ENG_20041010_0024.11	cover-01	yes
nw.chtb_0324.3	compete-01	yes
PROXY_NYT_ENG_20040724_0084.12	settle-02	yes
ENG_NA_020001_20161020_G0023FSW1_0001.4	find-01	yes
DF-200-192400-625_7744.8	feel-02	yes
DF-200-192400-625_7744.8	lose-02	yes
DF-200-192400-625_7744.8	feel-02	yes
PROXY_NYT_ENG_20040724_0084.15	serious-02	yes
NW_XIN_ENG_0209_2008_0513.5	lie-07	yes
NW_XIN_ENG_0209_2008_0513.5	have-03	yes
NW_XIN_ENG_0209_2008_0513.5	drive-02	yes
NW_XIN_ENG_0209_2008_0513.5	hard-02	yes
NW_XIN_ENG_0191_2005_0405.15	new-01	yes
NW_XIN_ENG_0191_2005_0405.15	work-01	yes
DF-200-192400-625_7046.5	worry-01	yes
NW_XIN_ENG_0194_2007_0704.6	include-91	no
NW_XIN_ENG_0194_2007_0704.6	serious-02	yes
PROXY_NYT_ENG_20080919_0209.13	claim-01	yes
PROXY_NYT_ENG_20080919_0209.13	base-01	yes
wb.eng_0003.46	point-04	yes
wb.eng_0003.46	good-02	yes
nw.chtb_0324.4	lead-01	yes
DF-200-192400-625_6344.17	know-01	yes
PROXY_LTW_ENG_20081115_0076.12	hold-01	yes
DF-200-192400-625_7557.25	trust-01	yes
nw.chtb_0325.8	compete-01	yes
NW_XIN_ENG_0189_2003_0324.4	force-01	yes
NW_XIN_ENG_0189_2003_0324.4	lead-02	yes
NW_XIN_ENG_0189_2003_0324.4	new-01	yes
NW_XIN_ENG_0189_2003_0324.4	strike-01	yes
PROXY_NYT_ENG_20040724_0084.25	act-02	yes
DF-200-192400-625_6677.1	try-01	yes
DF-200-192400-625_7200.12	have-03	yes
DF-200-192400-625_7200.12	have-03	yes
DF-200-192400-625_7200.12	mean-01	yes
DF-200-192400-625_7200.12	have-03	yes
PROXY_NYT_ENG_20081008_0040.32	use-01	yes
NW_AFP_ENG_0018_2003_0616.4	hold-01	yes
NW_AFP_ENG_0018_2003_0616.4	charge-05	yes
NW_AFP_ENG_0018_2003_0616.4	bear-02	yes
DF-200-192400-625_7557.16	stop-01	yes
DF-200-192400-625_7557.13	good-02	yes
ENG_DF_000170_20050903_C00020J0V_0001.33	have-03	yes
ENG_DF_000170_20050903_C00020J0V_0001.33	free-01	yes
PROXY_NYT_ENG_20071115_0274.17	act-02	yes
PROXY_NYT_ENG_20071115_0274.17	include-91	no
wb.eng_0003.11	have-03	yes
PROXY_XIN_ENG_20020725_0333.12	order-01	yes
NW_AFP_ENG_0018_2003_0616.1	find-01	yes
bolt12_91455_5315.1	sense-02	yes
wb.eng_0003.53	develop-02	yes
NW_AFP_ENG_0009_2003_0330.6	include-91	no
NW_AFP_ENG_0009_2003_0330.6	act-02	yes
PROXY_XIN_ENG_20040407_0026.4	show-01	yes
PROXY_XIN_ENG_20041010_0024.9	close-10	yes
PROXY_XIN_ENG_20040429_0189.42	lead-01	yes
PROXY_XIN_ENG_20040429_0189.42	new-01	yes
PROXY_XIN_ENG_20040429_0189.42	develop-02	yes
PROXY_XIN_ENG_20040429_0189.42	grow-01	yes
PROXY_XIN_ENG_20040429_0189.42	work-01	yes
PROXY_XIN_ENG_20040429_0189.42	develop-02	yes
PROXY_XIN_ENG_20040429_0189.42	issue-02	yes
PROXY_XIN_ENG_20040922_0123.4	try-01	yes
PROXY_LTW_ENG_20070930_0021.29	ask-02	yes
nw.chtb_0322.9	include-91	no
PROXY_XIN_ENG_20021020_0012.7	include-01	no
PROXY_XIN_ENG_20021020_0012.7	move-01	yes
ENG_DF_000170_20050903_C00020J0V_0001.16	take-10	yes
ENG_DF_000170_20050903_C00020J0V_0001.16	return-02	yes
ENG_DF_000170_20050903_C00020J0V_0001.16	call-02	yes
wb.eng_0003.70	find-01	yes
wb.eng_0003.70	work-01	yes
wb.eng_0003.70	include-91	no
PROXY_NYT_ENG_20080808_0162.4	strike-01	yes
NW_XIN_ENG_0192_2005_0906.11	call-02	yes
NW_XIN_ENG_0192_2005_0906.11	private-03	yes
NW_XIN_ENG_0192_2005_0906.11	come-01	yes
DF-200-192400-625_7744.1	find-01	yes
DF-200-192400-625_7744.1	lose-02	yes
DF-200-192400-625_7744.1	get-02	yes
DF-200-192400-625_7557.1	mean-01	yes
PROXY_XIN_ENG_20020701_0314.7	take-01	yes
PROXY_XIN_ENG_20020701_0314.7	suppose-02	yes
PROXY_XIN_ENG_20030428_0226.6	develop-02	yes
NW_AFP_ENG_0015_2003_0514.5	issue-02	yes
PROXY_NYT_ENG_20020406_0118.40	show-01	yes
PROXY_NYT_ENG_20020406_0118.40	force-01	yes
PROXY_NYT_ENG_20020406_0118.40	spend-01	yes
PROXY_NYT_ENG_20020406_0118.40	use-01	yes
DF-200-192400-625_7806.13	worry-01	yes
PROXY_NYT_ENG_20040724_0084.39	include-91	no
NW_XIN_ENG_0191_2005_0405.5	include-91	no
PROXY_NYT_ENG_20070828_0223.7	mean-02	yes
PROXY_XIN_ENG_20030709_0070.11	consider-01	yes
PROXY_NYT_ENG_20080808_0162.7	strike-01	yes
PROXY_NYT_ENG_20020406_0118.24	cut-02	yes
PROXY_XIN_ENG_20030709_0070.10	meet-03	yes
PROXY_XIN_ENG_20040429_0189.8	include-91	no
DF-200-192400-625_6677.6	get-02	yes
DF-200-192400-625_6677.6	go-06	yes
PROXY_XIN_ENG_20021228_0162.12	separate-02	yes
PROXY_XIN_ENG_20021228_0162.12	private-03	yes
PROXY_NYT_ENG_20020406_0118.38	include-01	no
PROXY_NYT_ENG_20020406_0118.38	lose-02	yes
ENG_NA_020001_20161020_G0023FSV2_0001.4	good-02	yes
ENG_NA_020001_20161020_G0023FSV2_0001.4	come-01	yes
ENG_NA_020001_20161020_G0023FSV2_0001.4	have-03	yes
PROXY_NYT_ENG_20050716_0171.9	lead-02	yes
PROXY_NYT_ENG_20050716_0171.9	close-13	yes
bolt12_9145_5531.9	show-04	yes
bolt12_9145_5531.9	lie-07	yes
bolt12_9145_5531.9	feel-01	yes
NW_XIN_ENG_0209_2008_0513.18	find-01	yes
NW_XIN_ENG_0209_2008_0513.18	have-03	yes
NW_AFP_ENG_0015_2003_0514.8	have-03	yes
wb.eng_0003.56	go-02	yes
wb.eng_0003.56	go-02	yes
PROXY_NYT_ENG_20040724_0084.21	apply-02	yes
PROXY_NYT_ENG_20020406_0118.8	correct-02	yes
nw.chtb_0318.9	use-01	yes
PROXY_NYT_ENG_20020406_0118.37	cut-02	yes
PROXY_LTW_ENG_20081115_0076.24	show-01	yes
PROXY_LTW_ENG_20081115_0076.24	develop-02	yes
PROXY_LTW_ENG_20081115_0076.24	stop-03	yes
PROXY_LTW_ENG_20081115_0076.24	use-01	yes
wb.eng_0003.10	have-03	yes
PROXY_NYT_ENG_20040724_0084.26	force-01	yes
PROXY_NYT_ENG_20040724_0084.26	close-01	yes
PROXY_NYT_ENG_20070618_0031.19	declare-02	yes
PROXY_NYT_ENG_20050716_0171.26	know-01	yes
PROXY_XIN_ENG_20021123_0156.22	develop-02	yes
PROXY_XIN_ENG_20021123_0156.22	trust-01	yes
DF-200-192400-625_6344.25	deal-01	yes
DF-200-192400-625_6344.25	come-01	yes
PROXY_XIN_ENG_20011006_0073.6	follow-01	yes
PROXY_XIN_ENG_20011006_0073.6	leave-11	yes
DF-200-192400-625_7557.18	good-02	yes
DF-200-192400-625_7557.18	mean-01	yes
PROXY_XIN_ENG_20030624_0298.3	lead-02	yes
PROXY_NYT_ENG_20071115_0274.18	use-01	yes
DF-200-192400-625_7557.27	keep-01	yes
NW_XIN_ENG_0198_2008_1218.3	measure-01	yes
DF-200-192400-625_6344.35	stop-01	yes
wb.eng_0003.96	right-05	yes
wb.eng_0003.9	up-02	yes
PROXY_XIN_ENG_20021228_0162.7	have-03	yes
PROXY_XIN_ENG_20021228_0162.7	declare-02	yes
PROXY_XIN_ENG_20021228_0162.7	use-01	yes
wb.eng_0003.85	develop-02	yes
wb.eng_0003.85	work-01	yes
wb.eng_0003.85	close-10	yes
DF-199-194215-653_0484.11	have-03	yes
DF-199-194215-653_0484.11	have-03	yes
PROXY_LTW_ENG_20070831_0072.20	move-01	yes
PROXY_LTW_ENG_20070831_0072.20	show-01	yes
DF-200-192400-625_7557.31	hard-02	yes
bolt12_91455_5342.1	play-01	yes
bolt12_91455_5342.1	bad-07	yes
DF-199-194215-653_0484.13	bad-07	yes
DF-199-194215-653_0484.13	use-01	yes
PROXY_LTW_ENG_20070831_0072.8	meet-03	yes
wb.eng_0003.22	new-01	yes
wb.eng_0003.22	develop-02	yes
bolt12_6455_6561.9	add-02	yes
DF-200-192400-625_7200.9	apply-02	yes
DF-200-192400-625_7200.9	worth-02	yes
DF-200-192400-625_7200.9	case-04	yes
DF-200-192400-625_7200.9	clear-06	yes
bolt12_91455_5318.1	hard-02	yes
NW_AFP_ENG_0012_2003_0419.10	have-03	yes
bolt12_6455_6562.9	right-05	yes
bolt12_6455_6562.9	strike-01	yes
PROXY_XIN_ENG_20030428_0226.4	sign-01	yes
PROXY_XIN_ENG_20030428_0226.4	deal-01	yes
ENG_DF_000170_20050903_C00020J0V_0001.66	use-01	yes
NW_AFP_ENG_0011_2003_0417.4	include-91	no
PROXY_NYT_ENG_20040724_0084.40	appear-02	yes
PROXY_LTW_ENG_20070930_0021.30	recognize-01	yes
PROXY_XIN_ENG_20020725_0113.5	commit-02	yes
PROXY_XIN_ENG_20020725_0333.5	sign-01	yes
PROXY_XIN_ENG_20020725_0333.5	head-01	yes
NW_XIN_ENG_0209_2008_0513.21	include-91	no
NW_XIN_ENG_0209_2008_0513.21	mean-01	yes
NW_AFP_ENG_0013_2003_0427.5	shoot-02	yes
NW_AFP_ENG_0015_2003_0514.1	process-02	yes
bolt12_6455_6567.1	go-01	yes
PROXY_LTW_ENG_20081115_0076.14	attend-01	yes
PROXY_LTW_ENG_20081115_0076.14	meet-03	yes
PROXY_NYT_ENG_20070828_0223.17	lead-01	yes
NW_XIN_ENG_0191_2005_0405.16	find-01	yes
NW_XIN_ENG_0191_2005_0405.16	miss-01	yes
PROXY_LTW_ENG_20081115_0076.8	declare-02	yes
PROXY_LTW_ENG_20081115_0076.8	approach-02	yes
PROXY_LTW_ENG_20081115_0076.8	meet-03	yes
ENG_NA_020001_20161020_G0023FSW5_0001.4	new-01	yes
bolt12_91455_5322.1	look-01	yes
bolt12_91455_5322.1	have-03	yes
bolt12_91455_5322.1	know-01	yes
bolt12_91455_5322.1	act-01	yes
bolt12_91455_5322.1	force-01	yes
PROXY_LTW_ENG_20070930_0021.11	include-91	no
PROXY_LTW_ENG_20070930_0021.11	sign-01	yes
wb.eng_0003.4	open-01	yes
PROXY_XIN_ENG_20031107_0242.6	hold-04	yes
ENG_DF_000170_20050903_C00020J0V_0001.18	look-01	yes
PROXY_XIN_ENG_20040403_0262.17	open-01	yes
NW_AFP_ENG_0016_2003_0527.1	include-91	no
NW_XIN_ENG_0193_2006_0822.8	close-01	yes
wb.eng_0003.7	open-01	yes
DF-200-192400-625_7557.32	feel-01	yes
DF-200-192400-625_7557.32	feel-01	yes
nw.chtb_0325.5	compete-01	yes
PROXY_NYT_ENG_20081128_0005.19	mean-01	yes
wb.eng_0003.26	spend-01	yes
wb.eng_0003.26	good-02	yes
NW_XIN_ENG_0190_2003_0709.5	treat-03	yes
NW_XIN_ENG_0190_2003_0709.5	serious-02	yes
PROXY_NYT_ENG_20050716_0171.47	act-01	yes
PROXY_NYT_ENG_20050716_0171.60	develop-01	yes
DF-200-192400-625_7806.15	find-01	yes
DF-200-192400-625_7806.15	worry-02	yes
DF-200-192400-625_7806.15	make-02	yes
DF-200-192400-625_7806.15	feel-01	yes
DF-200-192400-625_7806.15	good-02	yes
DF-200-192400-625_7806.15	know-01	yes
PROXY_NYT_ENG_20070618_0031.12	worth-01	yes
PROXY_NYT_ENG_20070618_0031.12	hold-01	yes
PROXY_NYT_ENG_20080808_0162.12	fire-01	yes
PROXY_XIN_ENG_20041010_0024.3	lead-02	yes
ENG_NA_020001_20161020_G0023FSVG_0001.6	fine-04	yes
wb.eng_0003.33	have-03	yes
PROXY_XIN_ENG_20031107_0242.12	include-91	no
PROXY_XIN_ENG_20031107_0242.12	develop-02	yes
PROXY_XIN_ENG_20031107_0242.12	develop-02	yes
DF-200-192400-625_6304.20	break-01	yes
DF-200-192400-625_6304.20	work-01	yes
DF-200-192400-625_6304.20	manage-01	yes
PROXY_NYT_ENG_20081128_0005.8	issue-01	yes
PROXY_NYT_ENG_20070828_0223.6	issue-02	yes
PROXY_XIN_ENG_20040429_0189.34	process-02	yes
ENG_NA_020001_20161020_G0023FSVV_0001.6	have-03	yes
NW_AFP_ENG_0014_2003_0502.7	include-01	no
NW_AFP_ENG_0016_2003_0527.6	issue-02	yes
NW_AFP_ENG_0016_2003_0527.6	include-01	no
PROXY_NYT_ENG_20080919_0209.3	lead-02	yes
PROXY_XIN_ENG_20031107_0242.13	mean-01	yes
PROXY_XIN_ENG_20031107_0242.13	have-03	yes
wb.eng_0003.51	private-03	yes
wb.eng_0003.51	serve-01	yes
NW_AFP_ENG_0010_2003_0401.1	head-01	yes
NW_AFP_ENG_0010_2003_0401.1	new-01	yes
PROXY_NYT_ENG_20020406_0118.13	know-01	yes
PROXY_NYT_ENG_20020406_0118.13	lose-02	yes
DF-200-192400-625_7200.11	have-03	yes
DF-200-192400-625_7200.11	have-03	yes
PROXY_LTW_ENG_20081115_0076.17	show-01	yes
PROXY_XIN_ENG_20021228_0162.8	return-01	yes
bolt12_91455_5333.1	perform-01	yes
PROXY_XIN_ENG_20030428_0226.5	deal-01	yes
PROXY_XIN_ENG_20030428_0226.5	lead-02	yes
PROXY_NYT_ENG_20040724_0084.29	feel-01	yes
PROXY_LTW_ENG_20070930_0021.7	include-01	no
PROXY_LTW_ENG_20070930_0021.7	sign-01	yes
PROXY_LTW_ENG_20070930_0021.7	include-01	no
NW_XIN_ENG_0190_2003_0709.4	strike-01	yes
wb.eng_0003.62	hard-02	yes
bolt12_9145_5531.5	have-03	yes
bolt12_9145_5531.5	source-01	yes
bolt12_9145_5531.5	force-01	yes
PROXY_XIN_ENG_20021020_0012.14	hold-04	yes
PROXY_XIN_ENG_20021020_0012.14	new-01	yes
DF-200-192400-625_7744.12	have-03	yes
DF-200-192400-625_7744.12	include-91	no
PROXY_XIN_ENG_20020905_0122.21	return-01	yes
PROXY_NYT_ENG_20050716_0171.44	call-03	yes
PROXY_NYT_ENG_20050716_0171.44	come-01	yes
wb.eng_0003.31	take-01	yes
wb.eng_0003.31	position-02	yes
bolt12_6455_6561.33	develop-02	yes
bolt12_6455_6561.33	good-02	yes
NW_AFP_ENG_0012_2003_0419.3	include-91	no
PROXY_LTW_ENG_20081115_0076.13	deal-01	yes
PROXY_LTW_ENG_20081115_0076.13	meet-03	yes
PROXY_XIN_ENG_20011006_0073.8	claim-01	yes
ENG_DF_000170_20050903_C00020J0V_0001.54	ask-02	yes
ENG_DF_000170_20050903_C00020J0V_0001.54	come-01	yes
ENG_DF_000170_20050903_C00020J0V_0001.54	lead-02	yes
PROXY_NYT_ENG_20070828_0223.5	issue-02	yes
PROXY_XIN_ENG_20040403_0262.4	lead-02	yes
PROXY_XIN_ENG_20020905_0122.18	new-01	yes
PROXY_XIN_ENG_20020905_0122.18	declare-02	yes
PROXY_NYT_ENG_20081008_0040.18	question-01	yes
NW_XIN_ENG_0209_2008_0513.13	stand-01	yes
NW_XIN_ENG_0209_2008_0513.13	strike-01	yes
NW_AFP_ENG_0019_2003_0630.21	open-01	yes
NW_AFP_ENG_0019_2003_0630.21	move-01	yes
NW_AFP_ENG_0019_2003_0630.21	close-01	yes
ENG_NA_020001_20161020_G0023FSW4_0001.8	like-02	yes
ENG_NA_020001_20161020_G0023FSW4_0001.8	know-01	yes
ENG_NA_020001_20161020_G0023FSW4_0001.8	come-01	yes
PROXY_NYT_ENG_20050716_0171.6	move-02	yes
PROXY_NYT_ENG_20050716_0171.6	bear-02	yes
PROXY_NYT_ENG_20040724_0084.20	measure-02	yes
PROXY_NYT_ENG_20040724_0084.23	use-01	yes
PROXY_XIN_ENG_20040403_0262.6	meet-03	yes
bolt12_91455_5331.1	shoot-02	yes
ENG_NA_020001_20161020_G0023FSVC_0001.5	come-01	yes
bolt12_9145_5531.6	hold-01	yes
PROXY_XIN_ENG_20021228_0162.14	give-01	yes
nw.chtb_0305.2	sign-01	yes
nw.chtb_0305.2	concern-01	yes
bolt12_91455_5340.1	hard-02	yes
bolt12_91455_5336.1	make-05	yes
PROXY_NYT_ENG_20040724_0084.36	use-01	yes
DF-200-192400-625_6344.28	call-02	yes
wb.eng_0003.67	point-03	yes
wb.eng_0003.67	appear-02	yes
wb.eng_0003.67	private-03	yes
wb.eng_0003.67	put-01	yes
PROXY_XIN_ENG_20030709_0070.12	stop-03	yes
PROXY_NYT_ENG_20040724_0084.30	question-03	yes
PROXY_NYT_ENG_20040724_0084.30	act-02	yes
PROXY_LTW_ENG_20070930_0021.25	negative-02	yes
PROXY_LTW_ENG_20070930_0021.25	negative-02	yes
DF-200-192400-625_7200.15	have-03	yes
DF-200-192400-625_7200.15	short-07	yes
nw.chtb_0324.14	hold-04	yes
nw.chtb_0324.14	compete-01	yes
bolt12_9145_5534.1	sense-02	yes
PROXY_LTW_ENG_20080727_0030.5	commit-01	yes
PROXY_NYT_ENG_20040724_0084.37	concern-01	yes
wb.eng_0003.58	drive-01	yes
NW_XIN_ENG_0193_2006_0822.4	bad-07	yes
PROXY_XIN_ENG_20040922_0123.11	issue-02	yes
PROXY_XIN_ENG_20040922_0123.11	concern-01	yes
NW_AFP_ENG_0019_2003_0630.1	return-01	yes
NW_AFP_ENG_0019_2003_0630.1	hold-01	yes
NW_AFP_ENG_0019_2003_0630.1	source-02	yes
PROXY_NYT_ENG_20071115_0274.9	have-03	yes
DF-200-192400-625_6344.27	give-01	yes
ENG_NA_020001_20161020_G0023FSWG_0001.4	get-02	yes
ENG_NA_020001_20161020_G0023FSWG_0001.4	have-03	yes
ENG_NA_020001_20161020_G0023FSWG_0001.4	find-01	yes
DF-200-192400-625_6304.24	get-01	yes
PROXY_NYT_ENG_20071115_0274.20	sign-02	yes
DF-200-192400-625_6304.18	go-02	yes
DF-200-192400-625_6304.18	get-04	yes
DF-200-192400-625_6304.18	try-01	yes
ENG_DF_000170_20050903_C00020J0V_0001.34	have-03	yes
PROXY_XIN_ENG_20041219_0059.10	sign-02	yes
PROXY_XIN_ENG_20041219_0059.9	develop-02	yes
