PROXY_LTW_ENG_20070930_0021.14	Capitol Hill
PROXY_LTW_ENG_20070930_0021.14	Bush
PROXY_LTW_ENG_20070930_0021.14	India
PROXY_NYT_ENG_20020406_0118.37	Russia
nw.chtb_0318.6	Japan
PROXY_XIN_ENG_20040407_0026.2	Philippines
PROXY_XIN_ENG_20020725_0333.7	Lima
nw.chtb_0322.17	China
nw.chtb_0322.17	Korea
PROXY_NYT_ENG_20040724_0084.44	Colombia
NW_AFP_ENG_0019_2003_0630.8	Palestinian Authority
NW_AFP_ENG_0019_2003_0630.8	Jew
bolt12_6455_6561.3	Japan
PROXY_NYT_ENG_20040724_0084.40	Brazil
PROXY_XIN_ENG_20040403_0262.16	Putin
PROXY_XIN_ENG_20040403_0262.16	Chirac
PROXY_XIN_ENG_20040403_0262.16	Russia
PROXY_XIN_ENG_20040403_0262.16	France
bolt12_6455_6567.1	China
PROXY_NYT_ENG_20070618_0031.2	Democratic People's Republic of Korea
PROXY_XIN_ENG_20041010_0024.14	Germany
PROXY_XIN_ENG_20041010_0024.14	Vietnam
PROXY_XIN_ENG_20041010_0024.14	Security Council
PROXY_XIN_ENG_20041010_0024.14	UN
PROXY_LTW_ENG_20080727_0030.11	Iran
PROXY_LTW_ENG_20080727_0030.11	Ahmadinejad
PROXY_XIN_ENG_20021020_0012.4	Nepal
PROXY_XIN_ENG_20030624_0298.5	Dominique de Villepin
PROXY_XIN_ENG_20030624_0298.5	France
PROXY_XIN_ENG_20030624_0298.5	People's Mujahedeen
PROXY_XIN_ENG_20030624_0298.5	Iran
bolt12_6455_6561.21	China
NW_XIN_ENG_0192_2005_0906.1	Los Angeles
NW_XIN_ENG_0192_2005_0906.1	Katrina
bolt12_6455_6561.25	China
bolt12_6455_6561.25	Japan
bolt12_6455_6561.25	World War II
PROXY_NYT_ENG_20080919_0209.15	XP
PROXY_NYT_ENG_20080919_0209.15	Muslim
PROXY_NYT_ENG_20080919_0209.15	Sunni
PROXY_XIN_ENG_20040429_0189.22	Wen
PROXY_XIN_ENG_20040429_0189.22	China
PROXY_XIN_ENG_20040429_0189.22	Germany
PROXY_XIN_ENG_20040922_0123.6	Wen Jiabao
PROXY_XIN_ENG_20040922_0123.6	China
PROXY_XIN_ENG_20040922_0123.6	Kyrgyzstan
bolt12_6455_6561.26	China
PROXY_NYT_ENG_20050716_0171.25	Venezuela
PROXY_XIN_ENG_20020725_0333.9	Peru
NW_AFP_ENG_0013_2003_0427.8	Penal Code
NW_AFP_ENG_0013_2003_0427.8	Pakistan
nw.chtb_0318.13	Beijing
nw.chtb_0318.13	China
nw.chtb_0318.13	Japan
NW_XIN_ENG_0198_2008_1218.2	Wellington
ENG_DF_000170_20050903_C00020J0V_0001.9	Jew
NW_XIN_ENG_0198_2008_1218.3	Pacific
nw.chtb_0322.16	China
nw.chtb_0322.16	Korea
nw.chtb_0322.16	Seoul
PROXY_NYT_ENG_20050716_0171.22	Chavez
PROXY_NYT_ENG_20050716_0171.22	Venezuela
NW_XIN_ENG_0209_2008_0513.14	Laputta
PROXY_NYT_ENG_20050716_0171.17	Chavez
PROXY_NYT_ENG_20050716_0171.17	National Assembly
PROXY_NYT_ENG_20050716_0171.17	Venezuela
PROXY_XIN_ENG_20041219_0059.20	China
bolt12_6455_6562.1	United States
bolt12_6455_6562.1	China
PROXY_XIN_ENG_20031107_0242.12	India
PROXY_XIN_ENG_20031107_0242.12	Brazil
PROXY_XIN_ENG_20031107_0242.12	South Africa
PROXY_XIN_ENG_20031107_0242.12	World Trade Organization
bolt12_64556_5627.4	China
PROXY_NYT_ENG_20080808_0162.5	Georgia
PROXY_LTW_ENG_20070831_0072.10	Iran
PROXY_NYT_ENG_20070828_0223.15	Iran
PROXY_XIN_ENG_20040403_0262.15	Russian Space Forces
ENG_NA_020001_20161020_G0023FSWC_0001.4	God
ENG_DF_000170_20050903_C00020J0V_0001.22	Austin
PROXY_NYT_ENG_20040724_0084.25	Rio de Janeiro
PROXY_XIN_ENG_20040429_0189.41	Wen
PROXY_XIN_ENG_20040429_0189.41	China
PROXY_NYT_ENG_20081128_0005.6	Costa
PROXY_NYT_ENG_20081128_0005.6	Afghanistan
PROXY_XIN_ENG_20021020_0012.2	Nepal
PROXY_LTW_ENG_20070831_0072.6	U.S.
PROXY_LTW_ENG_20070831_0072.6	Europe
PROXY_LTW_ENG_20070831_0072.6	Iran
PROXY_LTW_ENG_20080727_0030.20	Ahmadinejad
PROXY_LTW_ENG_20080727_0030.20	West
PROXY_LTW_ENG_20080727_0030.20	Iran
PROXY_NYT_ENG_20050716_0171.35	Venezuela
PROXY_NYT_ENG_20050716_0171.35	Chavez
NW_XIN_ENG_0193_2006_0822.12	Army
NW_XIN_ENG_0193_2006_0822.12	India
PROXY_NYT_ENG_20070828_0223.23	Iran
PROXY_LTW_ENG_20081115_0076.9	Russia
PROXY_LTW_ENG_20081115_0076.9	China
PROXY_LTW_ENG_20081115_0076.9	Iran
PROXY_NYT_ENG_20071115_0274.20	Iran
PROXY_NYT_ENG_20071115_0274.20	Nuclear Nonproliferation Treaty
PROXY_XIN_ENG_20020829_0017.12	Nepal
NW_AFP_ENG_0014_2003_0502.3	The Times
NW_AFP_ENG_0014_2003_0502.3	New York
PROXY_NYT_ENG_20071115_0274.2	Islamic Republic of Iran
NW_XIN_ENG_0191_2005_0405.1	China
nw.chtb_0322.2	China
nw.chtb_0322.2	Korea
PROXY_NYT_ENG_20080919_0209.18	XP
PROXY_XIN_ENG_20040403_0262.7	Putin
PROXY_XIN_ENG_20040403_0262.7	Sergei Ivanov
PROXY_XIN_ENG_20040403_0262.7	Russia
PROXY_XIN_ENG_20040403_0262.7	Chirac
PROXY_XIN_ENG_20040403_0262.7	Moscow
PROXY_XIN_ENG_20030428_0226.2	France
PROXY_XIN_ENG_20030428_0226.2	India
PROXY_NYT_ENG_20040724_0084.42	Amazon
PROXY_NYT_ENG_20040724_0084.42	Brazil
PROXY_XIN_ENG_20011006_0073.13	South Africa
PROXY_XIN_ENG_20011006_0073.13	National Conventional Arms Control Committee
NW_AFP_ENG_0019_2003_0630.7	Israel
PROXY_XIN_ENG_20020725_0113.12	Hong Kong
PROXY_NYT_ENG_20081128_0005.9	United Nations
PROXY_NYT_ENG_20081128_0005.9	Afghanistan
ENG_DF_000170_20050903_C00020J0V_0001.1	Texas
ENG_DF_000170_20050903_C00020J0V_0001.1	Austin
PROXY_XIN_ENG_20030428_0226.17	India
PROXY_XIN_ENG_20040922_0123.5	China
PROXY_XIN_ENG_20040922_0123.5	Kyrgyzstan
NW_AFP_ENG_0019_2003_0630.11	Gaza Strip
PROXY_XIN_ENG_20031107_0242.4	Brazil
PROXY_XIN_ENG_20031107_0242.4	Pretoria
PROXY_XIN_ENG_20031107_0242.4	South Africa
PROXY_XIN_ENG_20031107_0242.4	Thabo Mbeki
NW_AFP_ENG_0014_2003_0502.10	France
PROXY_XIN_ENG_20020725_0113.8	Hong Kong
PROXY_XIN_ENG_20041010_0024.12	Vietnam
PROXY_XIN_ENG_20041010_0024.12	Germany
PROXY_XIN_ENG_20041010_0024.12	Schroeder
PROXY_XIN_ENG_20030624_0298.11	Iran
PROXY_XIN_ENG_20030428_0226.14	France
NW_AFP_ENG_0019_2003_0630.1	Palestine
NW_AFP_ENG_0019_2003_0630.1	Gaza Strip
NW_AFP_ENG_0019_2003_0630.1	Israel
PROXY_NYT_ENG_20070828_0223.4	Iran
PROXY_NYT_ENG_20070828_0223.4	International Atomic Energy Agency
PROXY_NYT_ENG_20070828_0223.4	U.N.
nw.chtb_0318.7	Beijing
wb.eng_0003.33	Richmond
NW_XIN_ENG_0192_2005_0906.4	Antonio Villaraigosa
NW_XIN_ENG_0192_2005_0906.4	Los Angeles
PROXY_NYT_ENG_20070828_0223.36	Institute for Science and International Security
PROXY_NYT_ENG_20070828_0223.36	Washington
PROXY_XIN_ENG_20021123_0156.8	China
PROXY_NYT_ENG_20070828_0223.29	Iran
PROXY_NYT_ENG_20040724_0084.11	United States
PROXY_NYT_ENG_20040724_0084.11	Peru
nw.chtb_0318.12	Japan
nw.chtb_0318.12	Beijing
PROXY_XIN_ENG_20041219_0059.11	Chinese Academy of Sciences
PROXY_NYT_ENG_20070828_0223.34	International Institute for Strategic Studies
PROXY_NYT_ENG_20070828_0223.34	London
PROXY_XIN_ENG_20020725_0113.20	China
PROXY_XIN_ENG_20020725_0113.20	Hong Kong
NW_AFP_ENG_0012_2003_0419.7	India
PROXY_NYT_ENG_20040724_0084.20	Air Force
PROXY_NYT_ENG_20040724_0084.20	Rio de Janeiro
PROXY_NYT_ENG_20040724_0084.20	Brazil
PROXY_NYT_ENG_20040724_0084.43	Europe
PROXY_NYT_ENG_20040724_0084.43	Colombia
PROXY_NYT_ENG_20040724_0084.43	Amazon
NW_XIN_ENG_0195_2008_0420.3	Hubei
NW_XIN_ENG_0195_2008_0420.3	China
PROXY_XIN_ENG_20020905_0122.7	Nepal
PROXY_NYT_ENG_20050716_0171.51	Venezuela
bolt12_6455_6565.1	China
PROXY_LTW_ENG_20070831_0072.14	Iran
PROXY_LTW_ENG_20070831_0072.14	IAEA
PROXY_XIN_ENG_20020905_0122.17	US
PROXY_XIN_ENG_20020905_0122.17	Nepal
PROXY_NYT_ENG_20050716_0171.8	Chavez
PROXY_NYT_ENG_20050716_0171.8	US
PROXY_NYT_ENG_20050716_0171.8	Venezuela
PROXY_NYT_ENG_20050716_0171.8	Latin America
PROXY_NYT_ENG_20081128_0005.12	U.N.
PROXY_LTW_ENG_20070930_0021.29	Israel
PROXY_XIN_ENG_20020905_0122.5	Parliament
PROXY_XIN_ENG_20020905_0122.21	Johannesburg
PROXY_XIN_ENG_20020905_0122.21	Nepal
PROXY_XIN_ENG_20020905_0122.21	Europe
PROXY_XIN_ENG_20040429_0189.6	Wen Jiabao
PROXY_XIN_ENG_20040429_0189.6	China
PROXY_XIN_ENG_20040429_0189.6	Germany
NW_AFP_ENG_0015_2003_0514.9	London
NW_AFP_ENG_0015_2003_0514.9	Tony Blair
NW_AFP_ENG_0015_2003_0514.9	Britain
NW_AFP_ENG_0015_2003_0514.9	Jack Straw
PROXY_NYT_ENG_20040724_0084.6	Brazil
PROXY_NYT_ENG_20040724_0084.6	Air Force
NW_AFP_ENG_0015_2003_0514.1	Silvan Shalom
NW_AFP_ENG_0015_2003_0514.1	Israel
NW_AFP_ENG_0015_2003_0514.1	Qatar
NW_AFP_ENG_0015_2003_0514.1	Middle East
NW_AFP_ENG_0015_2003_0514.1	Paris
PROXY_NYT_ENG_20081128_0005.24	Costa
PROXY_NYT_ENG_20081128_0005.24	Italy
NW_XIN_ENG_0196_2008_1027.2	Jakarta
NW_AFP_ENG_0016_2003_0527.8	Canada
NW_XIN_ENG_0198_2008_1218.6	New Zealand
NW_AFP_ENG_0014_2003_0502.9	US
PROXY_XIN_ENG_20021020_0012.14	Nepal
NW_AFP_ENG_0015_2003_0514.4	Israel
NW_AFP_ENG_0015_2003_0514.4	Arab
PROXY_NYT_ENG_20020406_0118.21	West
PROXY_NYT_ENG_20020406_0118.21	Iran
NW_XIN_ENG_0196_2008_1027.1	Indonesia
PROXY_NYT_ENG_20081008_0040.12	Kenya
PROXY_NYT_ENG_20050716_0171.41	US
PROXY_NYT_ENG_20050716_0171.41	Colombia
PROXY_NYT_ENG_20050716_0171.41	Venezuela
PROXY_XIN_ENG_20021020_0012.5	Nepal
PROXY_XIN_ENG_20030624_0298.2	France
PROXY_LTW_ENG_20081115_0076.17	Institute for Science and International Security
PROXY_LTW_ENG_20081115_0076.17	Arak
nw.chtb_0305.4	China
PROXY_XIN_ENG_20041219_0059.13	Hong Kong
PROXY_XIN_ENG_20041219_0059.13	China
nw.chtb_0324.5	Hubei
nw.chtb_0303.1	Xinhua News Agency
nw.chtb_0303.1	Beijing
PROXY_XIN_ENG_20031107_0242.17	Brazil
PROXY_XIN_ENG_20031107_0242.17	South Africa
PROXY_XIN_ENG_20031107_0242.17	United States
PROXY_NYT_ENG_20080808_0162.2	Georgia
PROXY_NYT_ENG_20080808_0162.2	Russian Federation
NW_AFP_ENG_0014_2003_0502.7	Vivendi
nw.chtb_0325.2	Mingxia Fu
nw.chtb_0325.2	China
PROXY_NYT_ENG_20050716_0171.20	US
PROXY_NYT_ENG_20050716_0171.20	Latin America
PROXY_NYT_ENG_20070828_0223.22	Institute for Science and International Security
PROXY_NYT_ENG_20070828_0223.9	Mahmoud Ahmadinejad
PROXY_NYT_ENG_20070828_0223.9	Iran
PROXY_NYT_ENG_20070828_0223.9	Tehran
NW_AFP_ENG_0017_2003_0607.6	Singh
PROXY_XIN_ENG_20031107_0242.13	Foreign Affairs Department
PROXY_XIN_ENG_20031107_0242.13	South Africa
PROXY_XIN_ENG_20031107_0242.13	Brazil
PROXY_XIN_ENG_20031107_0242.13	Africa
PROXY_NYT_ENG_20081008_0040.11	United States
PROXY_XIN_ENG_20020725_0113.11	Xinhua News Agency
nw.chtb_0324.4	Guangdong
PROXY_NYT_ENG_20081008_0040.31	Kenya
PROXY_XIN_ENG_20021123_0156.12	China
PROXY_XIN_ENG_20021123_0156.12	Central Asia
PROXY_LTW_ENG_20080727_0030.28	Iran
PROXY_LTW_ENG_20080727_0030.24	US
PROXY_LTW_ENG_20080727_0030.24	Iran
PROXY_LTW_ENG_20080727_0030.24	Bush
PROXY_LTW_ENG_20080727_0030.24	Geneva
PROXY_NYT_ENG_20070828_0223.27	International Atomic Energy Agency
PROXY_XIN_ENG_20011006_0073.9	Cape Town
PROXY_XIN_ENG_20020725_0333.13	Peru
PROXY_XIN_ENG_20041010_0024.15	Germany
PROXY_XIN_ENG_20041010_0024.15	Vietnam
PROXY_XIN_ENG_20021123_0156.2	China
PROXY_XIN_ENG_20021123_0156.2	Russian Federation
PROXY_XIN_ENG_20021123_0156.2	Kazakhstan
PROXY_XIN_ENG_20021123_0156.2	Kyrgyzstan
PROXY_XIN_ENG_20021123_0156.2	Tajikistan
PROXY_XIN_ENG_20021123_0156.2	Uzbekistan
PROXY_LTW_ENG_20070831_0072.20	Iran
NW_AFP_ENG_0016_2003_0527.6	Iraq
NW_AFP_ENG_0016_2003_0527.6	Group of Eight
NW_AFP_ENG_0016_2003_0527.6	Africa
NW_AFP_ENG_0016_2003_0527.6	Bush
PROXY_XIN_ENG_20021123_0156.11	Kyrgyzstan
NW_XIN_ENG_0194_2007_0704.9	China
PROXY_NYT_ENG_20040724_0084.21	Brazil
PROXY_XIN_ENG_20041010_0024.2	Vietnam
PROXY_XIN_ENG_20041010_0024.2	Germany
PROXY_LTW_ENG_20070831_0072.13	IAEA
PROXY_LTW_ENG_20070831_0072.13	Iran
PROXY_XIN_ENG_20020905_0122.14	English
PROXY_LTW_ENG_20080727_0030.33	International Atomic Energy Agency
PROXY_LTW_ENG_20080727_0030.33	Iran
PROXY_LTW_ENG_20070930_0021.26	State Department
PROXY_LTW_ENG_20070930_0021.26	U.S.
PROXY_LTW_ENG_20070930_0021.26	India
PROXY_LTW_ENG_20070930_0021.26	Israel
PROXY_NYT_ENG_20080808_0162.31	Georgia
PROXY_NYT_ENG_20080808_0162.31	Russia
nw.chtb_0324.15	Mingxia Fu
nw.chtb_0324.15	Olympic Games
nw.chtb_0324.15	Hebei
nw.chtb_0324.15	World Cup
PROXY_NYT_ENG_20050716_0171.62	Chavez
NW_XIN_ENG_0192_2005_0906.9	Louisiana
NW_XIN_ENG_0192_2005_0906.9	Alabama
bolt12_6455_6562.26	Taiwan
bolt12_6455_6562.26	China
bolt12_6455_6562.26	Olympics
bolt12_6455_6562.26	Google
bolt12_6455_6562.26	US
bolt12_6455_6562.26	Japan
bolt12_6455_6562.26	Hiroshima
PROXY_XIN_ENG_20021228_0162.5	United Nations
PROXY_XIN_ENG_20021228_0162.5	Iraq
NW_AFP_ENG_0012_2003_0419.4	UAE
bolt12_64556_5628.1	China
PROXY_XIN_ENG_20040403_0262.14	Putin
PROXY_XIN_ENG_20040403_0262.14	Russia
PROXY_NYT_ENG_20050716_0171.44	Chavez
NW_AFP_ENG_0016_2003_0527.2	Ari Fleischer
NW_AFP_ENG_0016_2003_0527.2	Bush
NW_AFP_ENG_0016_2003_0527.2	G-8
NW_AFP_ENG_0016_2003_0527.2	US
NW_AFP_ENG_0016_2003_0527.2	Canada
NW_AFP_ENG_0016_2003_0527.2	France
PROXY_NYT_ENG_20070828_0223.19	Iran
PROXY_LTW_ENG_20070930_0021.27	Israel
PROXY_LTW_ENG_20070930_0021.27	India
PROXY_XIN_ENG_20020725_0333.2	Peru
PROXY_XIN_ENG_20020725_0333.11	Scorpion
ENG_DF_000170_20050903_C00020J0V_0001.30	Katrina
PROXY_XIN_ENG_20040922_0123.13	China
PROXY_XIN_ENG_20040922_0123.13	Kyrgyzstan
PROXY_XIN_ENG_20040922_0123.13	United Nations
NW_XIN_ENG_0191_2005_0405.5	Xining
PROXY_XIN_ENG_20040429_0189.16	Wen
PROXY_XIN_ENG_20040429_0189.16	China
PROXY_XIN_ENG_20040429_0189.16	Germany
PROXY_XIN_ENG_20040429_0189.16	U.S.
PROXY_XIN_ENG_20040429_0189.16	Europe
PROXY_LTW_ENG_20070930_0021.15	Daryl Kimball
PROXY_LTW_ENG_20070930_0021.15	Arms Control Association
PROXY_LTW_ENG_20070930_0021.15	Washington
PROXY_LTW_ENG_20070930_0021.15	Israel
PROXY_LTW_ENG_20070930_0021.15	India
PROXY_XIN_ENG_20031107_0242.16	Foreign Affairs Department
PROXY_XIN_ENG_20031107_0242.16	South Africa
PROXY_XIN_ENG_20031107_0242.16	Brazil
PROXY_XIN_ENG_20031107_0242.16	Latin America
PROXY_XIN_ENG_20030624_0298.15	United States
PROXY_XIN_ENG_20030624_0298.15	European Union
PROXY_XIN_ENG_20030624_0298.15	Iran
PROXY_XIN_ENG_20030624_0298.15	People's Mujahedeen
nw.chtb_0302.7	Thailand
nw.chtb_0302.7	China
PROXY_XIN_ENG_20040429_0189.13	China
PROXY_XIN_ENG_20040429_0189.13	Germany
PROXY_NYT_ENG_20050716_0171.14	Brazil
PROXY_NYT_ENG_20050716_0171.14	Argentina
PROXY_NYT_ENG_20050716_0171.14	Chile
PROXY_NYT_ENG_20050716_0171.14	Ecuador
PROXY_NYT_ENG_20050716_0171.14	Venezuela
PROXY_XIN_ENG_20030428_0226.12	France
PROXY_XIN_ENG_20030428_0226.12	India
PROXY_LTW_ENG_20081115_0076.29	Iran
PROXY_XIN_ENG_20021228_0162.14	United Nations Security Council
PROXY_XIN_ENG_20021228_0162.14	Iraq
NW_AFP_ENG_0017_2003_0607.7	India
ENG_NA_020001_20161020_G0023FSUU_0001.4	Leogane
PROXY_NYT_ENG_20081008_0040.29	Ukraine
PROXY_NYT_ENG_20081008_0040.29	Soviet Union
PROXY_XIN_ENG_20040429_0189.11	Wen
PROXY_XIN_ENG_20040429_0189.11	Germany
PROXY_XIN_ENG_20040429_0189.11	China
PROXY_LTW_ENG_20081115_0076.18	Arak
PROXY_LTW_ENG_20081115_0076.18	Iran
PROXY_NYT_ENG_20050716_0171.52	Venezuela
PROXY_XIN_ENG_20021123_0156.22	Shanghai
nw.chtb_0302.5	Liu
PROXY_XIN_ENG_20041219_0059.2	Hong Kong
PROXY_XIN_ENG_20041219_0059.2	China
PROXY_XIN_ENG_20041219_0059.4	Hong Kong
PROXY_XIN_ENG_20041219_0059.4	China
PROXY_XIN_ENG_20041010_0024.5	Germany
PROXY_XIN_ENG_20041010_0024.5	Vietnam
PROXY_NYT_ENG_20080808_0162.8	Russia
PROXY_NYT_ENG_20050716_0171.10	Chavez
PROXY_NYT_ENG_20050716_0171.10	US
PROXY_NYT_ENG_20050716_0171.10	Venezuela
PROXY_NYT_ENG_20050716_0171.10	socialism
PROXY_NYT_ENG_20050716_0171.10	Cuba
PROXY_NYT_ENG_20050716_0171.10	South America
PROXY_XIN_ENG_20011006_0073.2	South Africa
PROXY_XIN_ENG_20020725_0113.21	Ministry of Public Security
PROXY_XIN_ENG_20020725_0113.21	China
PROXY_XIN_ENG_20020725_0113.21	Hong Kong
NW_XIN_ENG_0196_2008_1027.4	Java
PROXY_NYT_ENG_20070828_0223.2	Islamic Republic of Iran
bolt12_6455_6561.6	Japan
PROXY_XIN_ENG_20040403_0262.5	Jacques Chirac
PROXY_XIN_ENG_20040403_0262.5	France
PROXY_XIN_ENG_20040403_0262.5	West
PROXY_XIN_ENG_20040403_0262.5	Russia
NW_AFP_ENG_0017_2003_0607.1	Congress
NW_AFP_ENG_0017_2003_0607.1	India
PROXY_LTW_ENG_20070930_0021.33	Israel
PROXY_NYT_ENG_20020406_0118.38	Russian Space Forces
PROXY_NYT_ENG_20020406_0118.38	Kamchatka
PROXY_XIN_ENG_20011006_0073.11	Foreign Ministry
PROXY_XIN_ENG_20011006_0073.11	South Africa
PROXY_NYT_ENG_20080919_0209.24	Wahhabi
PROXY_NYT_ENG_20080919_0209.24	Saudi Arabia
PROXY_NYT_ENG_20050716_0171.15	Chavez
PROXY_NYT_ENG_20050716_0171.15	United States
PROXY_NYT_ENG_20050716_0171.15	Latin America
PROXY_NYT_ENG_20050716_0171.15	Venezuela
PROXY_LTW_ENG_20081115_0076.16	Arak
PROXY_LTW_ENG_20081115_0076.16	Iran
PROXY_NYT_ENG_20081128_0005.18	Costa
PROXY_LTW_ENG_20080727_0030.18	US
PROXY_LTW_ENG_20080727_0030.18	Israel
PROXY_LTW_ENG_20080727_0030.18	Europe
PROXY_LTW_ENG_20080727_0030.18	West
PROXY_LTW_ENG_20080727_0030.18	Iran
ENG_NA_020001_20161020_G0023FSVG_0001.6	God
PROXY_LTW_ENG_20081115_0076.25	George W. Bush
PROXY_LTW_ENG_20081115_0076.25	United States
PROXY_LTW_ENG_20081115_0076.25	European Union
PROXY_LTW_ENG_20081115_0076.25	Great Britain
PROXY_LTW_ENG_20081115_0076.25	France
PROXY_LTW_ENG_20081115_0076.25	Germany
PROXY_LTW_ENG_20081115_0076.25	Iran
PROXY_NYT_ENG_20081008_0040.18	Ukraine
PROXY_LTW_ENG_20081115_0076.24	Iran
PROXY_LTW_ENG_20081115_0076.24	Barack Obama
PROXY_LTW_ENG_20081115_0076.24	United States
bolt12_6455_6561.17	Taiwan
bolt12_6455_6561.17	Tibet
bolt12_6455_6561.17	South China Sea
bolt12_6455_6561.17	China
PROXY_NYT_ENG_20020406_0118.11	Siberia
DF-200-192400-625_7744.5	OCD
PROXY_XIN_ENG_20040429_0189.17	Wen
PROXY_XIN_ENG_20040429_0189.17	China
PROXY_XIN_ENG_20040429_0189.17	Germany
PROXY_XIN_ENG_20040429_0189.17	Europe
wb.eng_0003.100	Ray Hyde
PROXY_XIN_ENG_20040922_0123.9	China
PROXY_XIN_ENG_20040922_0123.9	Kyrgyzstan
bolt12_6455_6566.4	US
bolt12_6455_6566.4	China
bolt12_6455_6566.4	China
bolt12_6455_6566.4	China
ENG_DF_000170_20050903_C00020J0V_0001.32	First Baptist Church
nw.chtb_0303.3	China
nw.chtb_0303.3	Peng Li
nw.chtb_0303.3	State Council
NW_XIN_ENG_0209_2008_0513.10	Laputta
PROXY_NYT_ENG_20050716_0171.19	Colombia
PROXY_NYT_ENG_20050716_0171.19	Latin America
NW_AFP_ENG_0018_2003_0616.5	Scott
PROXY_XIN_ENG_20020725_0113.16	Hong Kong
PROXY_XIN_ENG_20020725_0113.16	Bolivia
PROXY_XIN_ENG_20031107_0242.5	Brazil
PROXY_XIN_ENG_20031107_0242.5	Pretoria
PROXY_XIN_ENG_20031107_0242.5	South Africa
PROXY_XIN_ENG_20031107_0242.5	Thabo Mbeki
PROXY_NYT_ENG_20040724_0084.4	Brazil
PROXY_NYT_ENG_20040724_0084.4	Air Force
PROXY_NYT_ENG_20020406_0118.4	Russia
NW_AFP_ENG_0013_2003_0427.5	Catholic
NW_AFP_ENG_0013_2003_0427.5	Christian
PROXY_XIN_ENG_20040922_0123.14	China
PROXY_XIN_ENG_20040922_0123.14	Kyrgyzstan
PROXY_NYT_ENG_20080808_0162.33	Georgia
NW_XIN_ENG_0209_2008_0513.3	Yangon
NW_XIN_ENG_0209_2008_0513.3	Nargis
NW_AFP_ENG_0014_2003_0502.4	United States
PROXY_LTW_ENG_20070831_0072.16	IAEA
PROXY_LTW_ENG_20070831_0072.16	Iran
PROXY_LTW_ENG_20081115_0076.8	Foreign Ministry
PROXY_LTW_ENG_20081115_0076.8	France
PROXY_LTW_ENG_20081115_0076.8	Iran
PROXY_LTW_ENG_20070930_0021.9	Israel
NW_AFP_ENG_0019_2003_0630.4	Intifada
PROXY_XIN_ENG_20040407_0026.10	Thailand
PROXY_LTW_ENG_20070930_0021.7	India
PROXY_LTW_ENG_20070930_0021.7	Israel
PROXY_LTW_ENG_20070930_0021.7	Pakistan
PROXY_LTW_ENG_20070930_0021.7	Nuclear Non-Proliferation Treaty
nw.chtb_0318.2	Japan
nw.chtb_0318.2	Tokyo
nw.chtb_0305.11	Peng Li
nw.chtb_0305.11	China
PROXY_NYT_ENG_20071115_0274.16	Atomic Energy Organization
PROXY_NYT_ENG_20071115_0274.16	Iran
bolt12_6455_6561.1	Japan
PROXY_LTW_ENG_20080727_0030.9	Iran
PROXY_NYT_ENG_20020406_0118.7	Russia
PROXY_NYT_ENG_20020406_0118.7	Soviet Union
PROXY_XIN_ENG_20011006_0073.7	Muslim
PROXY_XIN_ENG_20030709_0070.11	Proliferation Security Initiative
PROXY_NYT_ENG_20040724_0084.30	Brazil
PROXY_XIN_ENG_20020725_0113.4	Hong Kong
PROXY_XIN_ENG_20011006_0073.8	Muslim
PROXY_NYT_ENG_20040724_0084.18	Brazil
PROXY_NYT_ENG_20040724_0084.18	US
PROXY_LTW_ENG_20070831_0072.12	Reuters
PROXY_LTW_ENG_20070831_0072.12	Iran
PROXY_LTW_ENG_20070831_0072.12	U.N.
NW_AFP_ENG_0014_2003_0502.1	Los Angeles Times
NW_AFP_ENG_0014_2003_0502.1	France
NW_AFP_ENG_0014_2003_0502.1	US
NW_AFP_ENG_0014_2003_0502.11	France
PROXY_XIN_ENG_20021228_0162.12	Mosul
PROXY_XIN_ENG_20021228_0162.12	Baghdad
PROXY_XIN_ENG_20040922_0123.2	China
PROXY_XIN_ENG_20040922_0123.2	Kyrgyzstan
PROXY_LTW_ENG_20070930_0021.13	Israel
NW_XIN_ENG_0189_2003_0324.4	US
NW_XIN_ENG_0189_2003_0324.4	Baghdad
PROXY_NYT_ENG_20080808_0162.26	Russia
PROXY_NYT_ENG_20080808_0162.26	Georgia
PROXY_XIN_ENG_20020725_0113.15	Far East
PROXY_XIN_ENG_20020725_0113.15	Hong Kong
PROXY_XIN_ENG_20040429_0189.39	Wen
PROXY_XIN_ENG_20040429_0189.39	China
nw.chtb_0325.3	Mingxia Fu
NW_AFP_ENG_0013_2003_0427.4	Koran
NW_AFP_ENG_0013_2003_0427.4	Christian
PROXY_XIN_ENG_20040922_0123.8	China
PROXY_XIN_ENG_20040922_0123.8	Kyrgyzstan
PROXY_NYT_ENG_20040724_0084.36	United States
PROXY_NYT_ENG_20070618_0031.8	Hill
PROXY_NYT_ENG_20070618_0031.8	China
PROXY_NYT_ENG_20040724_0084.17	Brazil
PROXY_NYT_ENG_20040724_0084.17	US
wb.eng_0003.55	TMT
PROXY_NYT_ENG_20081008_0040.9	Somalia
PROXY_XIN_ENG_20040429_0189.2	China
PROXY_XIN_ENG_20040429_0189.2	Germany
PROXY_XIN_ENG_20040429_0189.43	Wen
PROXY_XIN_ENG_20040429_0189.43	Gerhard Schroeder
PROXY_XIN_ENG_20040429_0189.43	Germany
PROXY_XIN_ENG_20040429_0189.43	Hanau
PROXY_XIN_ENG_20040429_0189.43	China
PROXY_NYT_ENG_20020406_0118.20	America
PROXY_NYT_ENG_20020406_0118.20	Russia
PROXY_XIN_ENG_20040429_0189.7	Wen
PROXY_XIN_ENG_20040429_0189.7	Europe
PROXY_LTW_ENG_20080727_0030.21	Javier Solana
PROXY_LTW_ENG_20080727_0030.21	EU
PROXY_LTW_ENG_20080727_0030.21	Iran
PROXY_XIN_ENG_20030709_0070.2	Australia
PROXY_LTW_ENG_20080727_0030.5	Iran
NW_AFP_ENG_0019_2003_0630.6	Israel
NW_AFP_ENG_0019_2003_0630.6	Beit Hanoun
PROXY_XIN_ENG_20030428_0226.13	France
PROXY_XIN_ENG_20030428_0226.13	Russia
PROXY_XIN_ENG_20030428_0226.13	India
nw.chtb_0305.6	Peng Li
ENG_DF_000170_20050903_C00020J0V_0001.6	Austin
ENG_DF_000170_20050903_C00020J0V_0001.6	Texas
PROXY_NYT_ENG_20020406_0118.5	Russia
PROXY_NYT_ENG_20020406_0118.5	Moscow
nw.chtb_0305.2	China
PROXY_XIN_ENG_20040429_0189.4	China
PROXY_XIN_ENG_20040429_0189.4	Germany
PROXY_XIN_ENG_20040429_0189.4	Europe
NW_XIN_ENG_0193_2006_0822.11	India
PROXY_XIN_ENG_20020725_0113.5	Hong Kong
NW_AFP_ENG_0019_2003_0630.5	Middle East
NW_AFP_ENG_0019_2003_0630.5	United States of America
NW_AFP_ENG_0019_2003_0630.5	Israel
NW_AFP_ENG_0019_2003_0630.5	Palestine
NW_XIN_ENG_0193_2006_0822.1	Rajasthan
PROXY_NYT_ENG_20070828_0223.30	Mark Fitzpatrick
PROXY_NYT_ENG_20070828_0223.30	International Institute for Strategic Studies
PROXY_XIN_ENG_20030428_0226.15	Kashmir
nw.chtb_0302.3	China
nw.chtb_0302.3	Thailand
PROXY_XIN_ENG_20020701_0314.2	Peru
PROXY_XIN_ENG_20040429_0189.12	Wen
PROXY_XIN_ENG_20040429_0189.12	Germany
PROXY_NYT_ENG_20080808_0162.32	Russia
PROXY_NYT_ENG_20080808_0162.32	Georgia
PROXY_XIN_ENG_20030428_0226.18	India
NW_XIN_ENG_0189_2003_0324.6	Iraq
NW_XIN_ENG_0189_2003_0324.6	Iraq War
ENG_DF_000170_20050903_C00020J0V_0001.7	Houston
ENG_DF_000170_20050903_C00020J0V_0001.7	Austin
PROXY_XIN_ENG_20011006_0073.6	Foreign Ministry
PROXY_XIN_ENG_20011006_0073.6	South Africa
PROXY_XIN_ENG_20011006_0073.6	Muslim
PROXY_XIN_ENG_20011006_0073.6	Afghanistan
PROXY_XIN_ENG_20011006_0073.6	United States
PROXY_XIN_ENG_20011006_0073.6	Taliban
PROXY_NYT_ENG_20040724_0084.26	Rio de Janeiro
NW_XIN_ENG_0191_2005_0405.13	Mandarin
NW_XIN_ENG_0191_2005_0405.13	Hong Kong Special Administrative Region
PROXY_NYT_ENG_20050716_0171.64	Chavez
PROXY_XIN_ENG_20031107_0242.14	Foreign Affairs Department
PROXY_XIN_ENG_20031107_0242.14	South Africa
PROXY_XIN_ENG_20031107_0242.14	United Nations Security Council
PROXY_XIN_ENG_20031107_0242.14	Brazil
PROXY_NYT_ENG_20071115_0274.5	Iran
PROXY_LTW_ENG_20080727_0030.7	Ahmadinejad
PROXY_LTW_ENG_20080727_0030.7	Iran
NW_XIN_ENG_0191_2005_0405.2	China
PROXY_XIN_ENG_20020905_0122.2	Nepal
wb.eng_0003.65	EMR
PROXY_LTW_ENG_20081115_0076.21	Iran
PROXY_NYT_ENG_20081128_0005.15	Costa
PROXY_XIN_ENG_20040429_0189.32	Wen
PROXY_XIN_ENG_20040429_0189.32	China
PROXY_XIN_ENG_20040429_0189.32	Europe
PROXY_XIN_ENG_20040429_0189.32	Iraq
ENG_NA_020001_20161020_G0023FSW9_0001.4	Artibonite
NW_AFP_ENG_0009_2003_0330.5	Japan
DF-200-192400-625_7744.18	OCD
PROXY_LTW_ENG_20080727_0030.8	Iran
PROXY_LTW_ENG_20080727_0030.8	Natanz
PROXY_NYT_ENG_20050716_0171.27	Chavez
PROXY_NYT_ENG_20050716_0171.27	Russia
PROXY_NYT_ENG_20050716_0171.27	Venezuela
PROXY_XIN_ENG_20020725_0333.6	Peru
PROXY_LTW_ENG_20070930_0021.2	Israel
PROXY_LTW_ENG_20070930_0021.19	Israel
PROXY_NYT_ENG_20071115_0274.12	Iran
PROXY_LTW_ENG_20070831_0072.5	U.S.
PROXY_LTW_ENG_20070831_0072.5	Europe
PROXY_LTW_ENG_20070831_0072.5	Iran
PROXY_XIN_ENG_20031107_0242.15	Thabo Mbeki
PROXY_XIN_ENG_20031107_0242.15	AIDS
NW_XIN_ENG_0191_2005_0405.12	Hong Kong
PROXY_XIN_ENG_20040403_0262.4	Jacques Chirac
PROXY_XIN_ENG_20040403_0262.4	France
PROXY_XIN_ENG_20040403_0262.4	West
PROXY_XIN_ENG_20040403_0262.4	Russia
PROXY_XIN_ENG_20021123_0156.4	China
PROXY_XIN_ENG_20021123_0156.4	Moscow
PROXY_XIN_ENG_20040407_0026.7	Bali
PROXY_NYT_ENG_20080808_0162.21	Georgia
PROXY_NYT_ENG_20050716_0171.54	Chavez
ENG_NA_020001_20161020_G0023FSUV_0001.4	Carrefour
ENG_NA_020001_20161020_G0023FSUV_0001.4	Salem
PROXY_LTW_ENG_20070831_0072.11	Reuters
PROXY_LTW_ENG_20070831_0072.11	IAEA
PROXY_LTW_ENG_20080727_0030.22	US
PROXY_LTW_ENG_20070831_0072.8	International Atomic Energy Agency
PROXY_LTW_ENG_20070831_0072.8	IAEA
PROXY_NYT_ENG_20070828_0223.28	International Atomic Energy Agency
PROXY_NYT_ENG_20050716_0171.30	Venezuela
PROXY_NYT_ENG_20050716_0171.30	Russia
PROXY_NYT_ENG_20050716_0171.30	Spain
ENG_DF_000170_20050903_C00020J0V_0001.10	Jew
PROXY_LTW_ENG_20081115_0076.30	Israel
PROXY_LTW_ENG_20081115_0076.30	Iran
PROXY_NYT_ENG_20040724_0084.16	US
PROXY_NYT_ENG_20040724_0084.16	Brazil
NW_XIN_ENG_0189_2003_0324.7	Syria
NW_XIN_ENG_0189_2003_0324.7	Iraq
NW_XIN_ENG_0189_2003_0324.7	US
PROXY_NYT_ENG_20070828_0223.37	International Atomic Energy Agency
PROXY_NYT_ENG_20070828_0223.37	Vienna
PROXY_NYT_ENG_20081008_0040.8	Somalia
PROXY_NYT_ENG_20081008_0040.8	U.S.
PROXY_NYT_ENG_20040724_0084.15	US
PROXY_NYT_ENG_20040724_0084.15	Brazil
PROXY_LTW_ENG_20070930_0021.23	Bush
PROXY_LTW_ENG_20070930_0021.23	Condoleezza Rice
PROXY_XIN_ENG_20040407_0026.13	Philippines
PROXY_NYT_ENG_20050716_0171.34	Chavez
ENG_NA_020001_20161020_G0023FSWF_0001.5	Port-au-Prince
PROXY_NYT_ENG_20080808_0162.7	Georgia
PROXY_XIN_ENG_20040407_0026.17	al-Qaeda
PROXY_NYT_ENG_20081008_0040.24	Ukraine
PROXY_LTW_ENG_20081115_0076.12	Russia
PROXY_LTW_ENG_20081115_0076.12	China
PROXY_LTW_ENG_20081115_0076.12	Security Council
PROXY_XIN_ENG_20040429_0189.19	Wen
PROXY_XIN_ENG_20040429_0189.19	China
PROXY_XIN_ENG_20040429_0189.19	Germany
NW_XIN_ENG_0195_2008_0420.2	Yichang
NW_XIN_ENG_0195_2008_0420.2	Hubei
PROXY_XIN_ENG_20040429_0189.40	China
PROXY_NYT_ENG_20050716_0171.43	Chavez
NW_AFP_ENG_0016_2003_0527.1	White House
NW_AFP_ENG_0016_2003_0527.1	George W. Bush
NW_AFP_ENG_0016_2003_0527.1	US
NW_AFP_ENG_0016_2003_0527.1	Russia
NW_AFP_ENG_0016_2003_0527.1	Canada
NW_AFP_ENG_0009_2003_0330.7	Yomiuri
NW_AFP_ENG_0009_2003_0330.7	Japan
NW_AFP_ENG_0009_2003_0330.7	United States
PROXY_XIN_ENG_20020725_0113.19	Hong Kong
PROXY_XIN_ENG_20020725_0113.19	China
PROXY_XIN_ENG_20030624_0298.9	France
PROXY_XIN_ENG_20030624_0298.9	People's Mujahedeen
PROXY_XIN_ENG_20030624_0298.9	Paris
PROXY_NYT_ENG_20020406_0118.12	Russia
PROXY_NYT_ENG_20020406_0118.12	West
nw.chtb_0322.13	Korea
PROXY_XIN_ENG_20040429_0189.15	Wen
PROXY_XIN_ENG_20040429_0189.15	China
PROXY_XIN_ENG_20040429_0189.15	Germany
PROXY_NYT_ENG_20080808_0162.18	Georgia
PROXY_NYT_ENG_20080808_0162.18	Russia
nw.chtb_0322.8	Korea
nw.chtb_0322.8	China
NW_AFP_ENG_0010_2003_0401.2	London
PROXY_XIN_ENG_20040403_0262.17	Putin
PROXY_XIN_ENG_20040403_0262.17	Russia
NW_XIN_ENG_0198_2008_1218.4	U.S.
NW_XIN_ENG_0198_2008_1218.4	New Zealand
bolt12_9145_5534.1	China
PROXY_XIN_ENG_20020701_0314.14	Japan
PROXY_XIN_ENG_20020701_0314.14	Peru
wb.eng_0003.11	Richmond
PROXY_LTW_ENG_20070831_0072.24	Iran
PROXY_NYT_ENG_20040724_0084.39	Amazon
PROXY_XIN_ENG_20040407_0026.15	Abu Sayyaf
PROXY_XIN_ENG_20040403_0262.2	Russia
PROXY_NYT_ENG_20080808_0162.16	Russia
PROXY_NYT_ENG_20080808_0162.16	Georgia
PROXY_NYT_ENG_20080808_0162.35	Georgia
PROXY_XIN_ENG_20030709_0070.4	John Howard
PROXY_XIN_ENG_20030709_0070.4	Australia
PROXY_XIN_ENG_20030709_0070.4	Democratic People's Republic of Korea
PROXY_XIN_ENG_20030709_0070.4	United States
PROXY_XIN_ENG_20030709_0070.4	Proliferation Security Initiative
PROXY_XIN_ENG_20021228_0162.11	United Nations
PROXY_LTW_ENG_20070831_0072.27	Soltanieh
PROXY_LTW_ENG_20070831_0072.27	Security Council
PROXY_LTW_ENG_20070831_0072.27	Iran
PROXY_XIN_ENG_20040407_0026.12	Osama bin Laden
PROXY_XIN_ENG_20040429_0189.28	Wen
PROXY_XIN_ENG_20040429_0189.28	China
PROXY_XIN_ENG_20040429_0189.28	EU
PROXY_XIN_ENG_20040429_0189.28	Europe
NW_AFP_ENG_0010_2003_0401.4	Brown
PROXY_XIN_ENG_20030428_0226.8	Michele Alliot-Marie
PROXY_XIN_ENG_20030428_0226.8	France
PROXY_XIN_ENG_20030428_0226.8	India
PROXY_LTW_ENG_20070930_0021.21	Bush
PROXY_LTW_ENG_20070930_0021.21	Israel
PROXY_LTW_ENG_20070930_0021.21	U.S.
bolt12_6455_6565.3	China
PROXY_NYT_ENG_20070618_0031.9	Hill
ENG_DF_000170_20050903_C00020J0V_0001.8	Austin
PROXY_LTW_ENG_20070831_0072.19	State Department
PROXY_LTW_ENG_20070831_0072.19	U.S.
PROXY_LTW_ENG_20070831_0072.19	Bush
PROXY_LTW_ENG_20070831_0072.19	Iran
PROXY_NYT_ENG_20081128_0005.4	Afghanistan
PROXY_NYT_ENG_20081128_0005.4	Taliban
PROXY_NYT_ENG_20040724_0084.33	Air Force
PROXY_XIN_ENG_20020725_0113.13	Hong Kong
PROXY_XIN_ENG_20040429_0189.5	Wen
PROXY_XIN_ENG_20040429_0189.5	Germany
PROXY_NYT_ENG_20040724_0084.38	Brazil
PROXY_NYT_ENG_20080808_0162.6	Russia
PROXY_NYT_ENG_20080808_0162.6	Georgia
PROXY_NYT_ENG_20080808_0162.25	Chechnya
NW_AFP_ENG_0015_2003_0514.7	Arab
NW_AFP_ENG_0015_2003_0514.7	Israel
PROXY_LTW_ENG_20080727_0030.17	Iran
PROXY_LTW_ENG_20080727_0030.17	Islam
NW_XIN_ENG_0194_2007_0704.7	China
PROXY_LTW_ENG_20080727_0030.25	Iran
PROXY_LTW_ENG_20080727_0030.25	Solana
PROXY_LTW_ENG_20080727_0030.25	Geneva
PROXY_LTW_ENG_20080727_0030.25	US
NW_XIN_ENG_0209_2008_0513.4	Laputta
NW_XIN_ENG_0209_2008_0513.4	Ayeyawaddy
NW_XIN_ENG_0209_2008_0513.4	Myanmar
NW_XIN_ENG_0209_2008_0513.4	Nargis
nw.chtb_0322.15	China
PROXY_XIN_ENG_20030624_0298.19	People's Mujahedeen
PROXY_XIN_ENG_20030624_0298.19	Iraq
PROXY_XIN_ENG_20030624_0298.19	Europe
ENG_NA_020001_20161020_G0023FSW3_0001.4	Carrefour
NW_XIN_ENG_0193_2006_0822.3	Rajasthan
PROXY_NYT_ENG_20050716_0171.60	Chavez
PROXY_NYT_ENG_20050716_0171.60	United States
PROXY_XIN_ENG_20020725_0113.17	China
PROXY_XIN_ENG_20020725_0113.17	Hong Kong
PROXY_XIN_ENG_20020725_0113.17	Australia
PROXY_XIN_ENG_20020725_0113.17	Indonesia
PROXY_XIN_ENG_20020725_0113.17	Japan
PROXY_XIN_ENG_20020725_0113.17	South Korea
PROXY_XIN_ENG_20020725_0113.17	Myanmar
PROXY_XIN_ENG_20020725_0113.17	Philippines
PROXY_XIN_ENG_20020725_0113.17	Singapore
PROXY_XIN_ENG_20020725_0113.17	Thailand
PROXY_XIN_ENG_20020725_0113.17	United States
NW_AFP_ENG_0009_2003_0330.1	Japanese
NW_AFP_ENG_0009_2003_0330.1	Osaka
NW_AFP_ENG_0009_2003_0330.1	Iraq
ENG_DF_000170_20050903_C00020J0V_0001.44	First Baptist Church
ENG_DF_000170_20050903_C00020J0V_0001.44	Austin
ENG_DF_000170_20050903_C00020J0V_0001.44	Texas
PROXY_XIN_ENG_20030428_0226.10	Iraq
PROXY_NYT_ENG_20070828_0223.25	International Atomic Energy Agency
NW_XIN_ENG_0190_2003_0709.3	China
PROXY_NYT_ENG_20050716_0171.12	Latin America
PROXY_NYT_ENG_20080808_0162.29	Russia
PROXY_NYT_ENG_20020406_0118.33	Soviet Union
PROXY_NYT_ENG_20080919_0209.19	Sunni
PROXY_NYT_ENG_20080919_0209.19	Shiite
PROXY_NYT_ENG_20020406_0118.23	America
NW_AFP_ENG_0019_2003_0630.9	Intifada
NW_AFP_ENG_0019_2003_0630.9	Israel
NW_AFP_ENG_0019_2003_0630.9	Palestine
PROXY_XIN_ENG_20020725_0113.22	Hong Kong
PROXY_XIN_ENG_20020725_0113.22	China
NW_AFP_ENG_0019_2003_0630.3	Palestine
PROXY_NYT_ENG_20040724_0084.9	Fernando Henrique Cardoso
PROXY_NYT_ENG_20070828_0223.10	Iran
PROXY_LTW_ENG_20080727_0030.23	Iran
PROXY_LTW_ENG_20080727_0030.23	West
PROXY_LTW_ENG_20080727_0030.23	UN Security Council
PROXY_NYT_ENG_20050716_0171.31	Venezuela
PROXY_NYT_ENG_20050716_0171.31	Brazil
PROXY_NYT_ENG_20080919_0209.13	Iran
PROXY_NYT_ENG_20080919_0209.13	XP
PROXY_NYT_ENG_20080919_0209.13	United Arab Emirates
nw.chtb_0324.7	Zimbabwe
NW_AFP_ENG_0010_2003_0401.7	Britain
NW_AFP_ENG_0010_2003_0401.7	Davies
PROXY_XIN_ENG_20020725_0113.2	Hong Kong
PROXY_NYT_ENG_20040724_0084.41	Rio de Janeiro
PROXY_NYT_ENG_20040724_0084.41	Colombia
NW_AFP_ENG_0012_2003_0419.1	Oman
bolt12_91455_5315.1	China
PROXY_NYT_ENG_20081008_0040.20	Kenya
PROXY_NYT_ENG_20020406_0118.19	United States
PROXY_NYT_ENG_20020406_0118.19	West
NW_AFP_ENG_0013_2003_0427.10	Christian
NW_AFP_ENG_0015_2003_0514.8	Qatar
NW_AFP_ENG_0015_2003_0514.8	Israel
NW_AFP_ENG_0015_2003_0514.8	Arab
PROXY_XIN_ENG_20021228_0162.2	Iraq
ENG_DF_000170_20050903_C00020J0V_0001.20	Austin
PROXY_NYT_ENG_20080919_0209.6	XP
PROXY_NYT_ENG_20080919_0209.6	Sunni
PROXY_LTW_ENG_20070930_0021.17	India
PROXY_LTW_ENG_20070930_0021.17	United States
PROXY_XIN_ENG_20021228_0162.10	United Nations Monitoring Verification and Inspection Commission
PROXY_XIN_ENG_20021228_0162.10	Baghdad
PROXY_XIN_ENG_20041010_0024.8	Vietnam
PROXY_XIN_ENG_20041010_0024.8	Germany
PROXY_XIN_ENG_20041010_0024.8	Security Council
PROXY_XIN_ENG_20041010_0024.8	UN
PROXY_XIN_ENG_20041010_0024.8	Schroeder
PROXY_XIN_ENG_20020725_0113.14	China
PROXY_XIN_ENG_20020725_0113.14	Hong Kong
ENG_NA_020001_20161020_G0023FSVC_0001.4	Sainte Marie
ENG_NA_020001_20161020_G0023FSUS_0001.5	God
NW_AFP_ENG_0019_2003_0630.18	Gaza Strip
NW_AFP_ENG_0019_2003_0630.18	Egypt
NW_AFP_ENG_0019_2003_0630.18	Palestine
PROXY_XIN_ENG_20030709_0070.12	United States
PROXY_XIN_ENG_20030709_0070.12	Australia
PROXY_NYT_ENG_20080919_0209.23	Najaf
NW_AFP_ENG_0010_2003_0401.1	Gordon Brown
NW_AFP_ENG_0010_2003_0401.1	Britain
PROXY_NYT_ENG_20080919_0209.21	Sunni
PROXY_NYT_ENG_20080808_0162.9	Russia
PROXY_NYT_ENG_20080808_0162.9	South Ossetia
PROXY_LTW_ENG_20081115_0076.27	United Nations
PROXY_LTW_ENG_20081115_0076.27	International Atomic Energy Agency
PROXY_NYT_ENG_20050716_0171.58	US
PROXY_NYT_ENG_20050716_0171.58	United States
PROXY_NYT_ENG_20050716_0171.58	Venezuela
wb.eng_0003.51	Virginia
PROXY_NYT_ENG_20050716_0171.56	US
PROXY_NYT_ENG_20050716_0171.56	Colombia
nw.chtb_0325.8	Hungary
nw.chtb_0325.8	Canada
nw.chtb_0325.8	France
nw.chtb_0325.8	Brazil
nw.chtb_0325.8	Australia
nw.chtb_0325.8	Germany
nw.chtb_0325.8	Russia
nw.chtb_0325.8	Netherlands
nw.chtb_0325.8	United States
nw.chtb_0325.8	Kazakhstan
nw.chtb_0325.8	Italy
nw.chtb_0325.8	New Zealand
nw.chtb_0305.9	Peng Li
nw.chtb_0305.9	China
bolt12_6455_6561.10	Japan
bolt12_6455_6561.10	China
PROXY_LTW_ENG_20081115_0076.28	Iran
PROXY_LTW_ENG_20081115_0076.28	Paris
PROXY_LTW_ENG_20081115_0076.28	United Nations Security Council
PROXY_LTW_ENG_20081115_0076.28	Bush
PROXY_NYT_ENG_20040724_0084.35	Brazil
PROXY_NYT_ENG_20040724_0084.35	Amazon
nw.chtb_0305.1	Xinhua News Agency
PROXY_XIN_ENG_20030624_0298.8	France
bolt12_6455_6561.9	Japan
bolt12_6455_6561.9	China
bolt12_6455_6561.9	Korea
bolt12_6455_6561.9	Northeast
PROXY_XIN_ENG_20030709_0070.7	Howard
PROXY_XIN_ENG_20030709_0070.7	Australia
PROXY_XIN_ENG_20040407_0026.5	Philippines
PROXY_NYT_ENG_20080919_0209.14	Iran
PROXY_NYT_ENG_20080919_0209.14	Shiite
PROXY_NYT_ENG_20050716_0171.2	Venezuela
PROXY_NYT_ENG_20020406_0118.16	West
PROXY_NYT_ENG_20081008_0040.30	Ukraine
PROXY_NYT_ENG_20081008_0040.30	Kenya
PROXY_NYT_ENG_20081008_0040.30	United Kingdom
PROXY_NYT_ENG_20081008_0040.30	West
PROXY_XIN_ENG_20020701_0314.4	Vladimiro Montesinos
PROXY_XIN_ENG_20020701_0314.4	Peru
PROXY_XIN_ENG_20020701_0314.4	National Intelligence Service
ENG_DF_000170_20050903_C00020J0V_0001.62	Gulf
PROXY_XIN_ENG_20030428_0226.6	France
PROXY_XIN_ENG_20030428_0226.6	India
PROXY_XIN_ENG_20020725_0333.4	Peru
PROXY_LTW_ENG_20070930_0021.24	India
PROXY_LTW_ENG_20070930_0021.24	Congress
PROXY_NYT_ENG_20040724_0084.12	US
PROXY_XIN_ENG_20040429_0189.29	Wen
PROXY_XIN_ENG_20040429_0189.29	EU
PROXY_XIN_ENG_20040429_0189.29	China
PROXY_XIN_ENG_20020701_0314.15	Peru
PROXY_XIN_ENG_20020701_0314.15	Venezuela
bolt12_6455_6562.17	Diaoyu Islands
PROXY_XIN_ENG_20021228_0162.4	United Nations
PROXY_XIN_ENG_20021228_0162.4	Iraq
PROXY_NYT_ENG_20080808_0162.34	Georgia
PROXY_XIN_ENG_20040407_0026.18	Manila
PROXY_XIN_ENG_20040429_0189.42	Wen
PROXY_XIN_ENG_20040429_0189.42	China
PROXY_XIN_ENG_20031107_0242.10	Brazil
PROXY_NYT_ENG_20080808_0162.13	Condoleezza Rice
PROXY_NYT_ENG_20080808_0162.13	U.S.
PROXY_NYT_ENG_20080808_0162.13	Russia
PROXY_XIN_ENG_20040429_0189.24	Wen
PROXY_XIN_ENG_20040429_0189.24	Germany
PROXY_XIN_ENG_20040429_0189.24	China
PROXY_XIN_ENG_20040429_0189.24	U.S.
PROXY_NYT_ENG_20070828_0223.5	Iran
PROXY_NYT_ENG_20070828_0223.5	International Atomic Energy Agency
PROXY_NYT_ENG_20070828_0223.5	U.N.
PROXY_NYT_ENG_20070618_0031.5	North Korea
NW_XIN_ENG_0209_2008_0513.18	Laputta
PROXY_NYT_ENG_20080919_0209.7	Shiite
PROXY_NYT_ENG_20080919_0209.7	Iraq
NW_XIN_ENG_0190_2003_0709.6	US
PROXY_NYT_ENG_20070618_0031.12	North Korea
PROXY_NYT_ENG_20070618_0031.12	Yongbyon
PROXY_NYT_ENG_20070618_0031.12	Macao
PROXY_XIN_ENG_20030624_0298.17	People's Mujahedeen
PROXY_XIN_ENG_20030624_0298.17	Iran
PROXY_XIN_ENG_20030624_0298.17	US
PROXY_XIN_ENG_20030624_0298.17	Teheran
PROXY_XIN_ENG_20020725_0113.7	Hong Kong
PROXY_XIN_ENG_20020725_0113.7	Guangdong
PROXY_LTW_ENG_20080727_0030.2	Iran
PROXY_NYT_ENG_20050716_0171.59	Chavez
PROXY_NYT_ENG_20050716_0171.59	US
PROXY_NYT_ENG_20050716_0171.23	Chavez
NW_XIN_ENG_0209_2008_0513.1	Nargis
PROXY_NYT_ENG_20050716_0171.5	Hugo Chavez
PROXY_NYT_ENG_20050716_0171.5	Venezuela
PROXY_NYT_ENG_20050716_0171.5	Russia
PROXY_NYT_ENG_20050716_0171.5	United States
PROXY_NYT_ENG_20050716_0171.5	Chavez
PROXY_NYT_ENG_20080808_0162.12	U.S.
PROXY_NYT_ENG_20080808_0162.12	West
PROXY_NYT_ENG_20080808_0162.12	NATO
PROXY_LTW_ENG_20081115_0076.20	Institute for Science and International Security
PROXY_LTW_ENG_20081115_0076.20	Washington D.C.
PROXY_NYT_ENG_20050716_0171.38	Pentagon
PROXY_NYT_ENG_20050716_0171.38	US
PROXY_NYT_ENG_20050716_0171.38	Chavez
PROXY_NYT_ENG_20050716_0171.38	Latin America
PROXY_NYT_ENG_20070618_0031.10	Associated Press
PROXY_NYT_ENG_20070618_0031.10	IAEA
PROXY_NYT_ENG_20070618_0031.10	Pyongyang
PROXY_NYT_ENG_20070618_0031.10	Vienna
PROXY_NYT_ENG_20070618_0031.10	Austria
PROXY_XIN_ENG_20040407_0026.16	Madrid
PROXY_XIN_ENG_20040407_0026.16	Spain
bolt12_6455_6561.7	Japan
bolt12_6455_6561.7	Asia
PROXY_NYT_ENG_20070828_0223.7	Iran
PROXY_NYT_ENG_20050716_0171.26	Venezuela
bolt12_6455_6562.24	Pacific Ocean
PROXY_NYT_ENG_20070618_0031.20	Hill
PROXY_NYT_ENG_20050716_0171.11	US
PROXY_NYT_ENG_20050716_0171.11	Chavez
NW_AFP_ENG_0010_2003_0401.3	Davies
NW_AFP_ENG_0010_2003_0401.3	London
PROXY_NYT_ENG_20050716_0171.45	Venezuela
PROXY_LTW_ENG_20080727_0030.29	Ahmadinejad
PROXY_LTW_ENG_20080727_0030.29	Iran
PROXY_LTW_ENG_20080727_0030.26	US
PROXY_LTW_ENG_20080727_0030.26	Iran
PROXY_NYT_ENG_20071115_0274.19	West
PROXY_NYT_ENG_20071115_0274.19	Tehran
PROXY_NYT_ENG_20071115_0274.19	Iran
PROXY_NYT_ENG_20020406_0118.22	Russia
PROXY_NYT_ENG_20020406_0118.22	West
PROXY_LTW_ENG_20070930_0021.25	India
PROXY_LTW_ENG_20070930_0021.4	Israel
PROXY_NYT_ENG_20050716_0171.24	Venezuela
PROXY_NYT_ENG_20050716_0171.24	Chavez
PROXY_NYT_ENG_20050716_0171.24	US
PROXY_NYT_ENG_20050716_0171.24	Latin America
PROXY_NYT_ENG_20050716_0171.24	Russia
PROXY_NYT_ENG_20050716_0171.24	China
PROXY_NYT_ENG_20050716_0171.24	Iran
PROXY_XIN_ENG_20020725_0333.5	Peru
PROXY_XIN_ENG_20020725_0333.5	Vladimiro Montesinos
PROXY_XIN_ENG_20020725_0333.5	National Intelligence Service
PROXY_NYT_ENG_20070618_0031.11	Hill
PROXY_NYT_ENG_20070618_0031.11	IAEA
PROXY_NYT_ENG_20070618_0031.11	Pyongyang
NW_AFP_ENG_0015_2003_0514.6	Abbas
NW_AFP_ENG_0015_2003_0514.6	Qatar
NW_AFP_ENG_0015_2003_0514.6	Abu Mazen
nw.chtb_0305.3	Peng Li
PROXY_NYT_ENG_20050716_0171.18	Peru
PROXY_NYT_ENG_20020406_0118.8	Izvestia
PROXY_NYT_ENG_20020406_0118.8	Moscow
nw.chtb_0324.6	Germany
PROXY_LTW_ENG_20080727_0030.12	Iran
PROXY_LTW_ENG_20080727_0030.12	Ahmadinejad
PROXY_XIN_ENG_20040407_0026.4	Philippines
NW_AFP_ENG_0012_2003_0419.5	India
NW_AFP_ENG_0012_2003_0419.5	Pakistan
nw.chtb_0318.1	Xinhua News Agency
nw.chtb_0318.1	Tokyo
NW_AFP_ENG_0012_2003_0419.3	India
NW_AFP_ENG_0012_2003_0419.3	Pakistan
NW_AFP_ENG_0012_2003_0419.3	United Arab Emirates
NW_AFP_ENG_0012_2003_0419.3	Oman
bolt12_6455_6565.4	China
wb.eng_0003.37	Potomac
PROXY_NYT_ENG_20081008_0040.10	Kenya
PROXY_NYT_ENG_20040724_0084.5	US
PROXY_NYT_ENG_20080919_0209.20	Iran
PROXY_NYT_ENG_20080919_0209.20	Iraq
NW_XIN_ENG_0190_2003_0709.1	China
PROXY_XIN_ENG_20030709_0070.5	Australia
PROXY_XIN_ENG_20030709_0070.5	Democratic People's Republic of Korea
PROXY_XIN_ENG_20040429_0189.9	Wen
PROXY_XIN_ENG_20040429_0189.9	China
PROXY_XIN_ENG_20040429_0189.9	Germany
PROXY_XIN_ENG_20040429_0189.9	Karl Marx
NW_AFP_ENG_0018_2003_0616.8	Scott
NW_AFP_ENG_0018_2003_0616.8	Texas
PROXY_LTW_ENG_20080727_0030.30	Ahmadinejad
PROXY_LTW_ENG_20080727_0030.30	West
PROXY_NYT_ENG_20080919_0209.5	Shiite
PROXY_NYT_ENG_20080919_0209.5	Iraq
PROXY_LTW_ENG_20081115_0076.26	International Atomic Energy Agency
PROXY_LTW_ENG_20081115_0076.26	Iran
PROXY_XIN_ENG_20041010_0024.13	Schroeder
PROXY_XIN_ENG_20041010_0024.13	Vietnam
PROXY_XIN_ENG_20041010_0024.13	Germany
PROXY_NYT_ENG_20020406_0118.13	Russia
PROXY_NYT_ENG_20020406_0118.13	West
PROXY_XIN_ENG_20041219_0059.7	Shenzhen
PROXY_XIN_ENG_20041219_0059.7	China
PROXY_XIN_ENG_20041219_0059.7	Hong Kong
PROXY_XIN_ENG_20031107_0242.8	South Africa
PROXY_XIN_ENG_20031107_0242.8	Brazil
PROXY_XIN_ENG_20031107_0242.8	Pretoria
PROXY_XIN_ENG_20020829_0017.2	Nepal
PROXY_LTW_ENG_20080727_0030.15	New America Foundation
PROXY_LTW_ENG_20080727_0030.15	Iran
NW_AFP_ENG_0019_2003_0630.20	Oslo
NW_AFP_ENG_0019_2003_0630.20	Palestine
NW_AFP_ENG_0019_2003_0630.20	Israel
NW_AFP_ENG_0019_2003_0630.20	Egypt
PROXY_NYT_ENG_20050716_0171.65	Chavez
PROXY_NYT_ENG_20081008_0040.22	Kenya
PROXY_XIN_ENG_20030709_0070.10	Proliferation Security Initiative
PROXY_XIN_ENG_20030709_0070.10	Brisbane
PROXY_XIN_ENG_20031107_0242.7	South Africa
NW_AFP_ENG_0012_2003_0419.6	Rajasthan
NW_AFP_ENG_0012_2003_0419.6	India
PROXY_NYT_ENG_20081128_0005.17	Afghanistan
PROXY_NYT_ENG_20070828_0223.16	United States
PROXY_NYT_ENG_20070828_0223.16	Europe
PROXY_NYT_ENG_20070828_0223.16	Iran
NW_XIN_ENG_0192_2005_0906.7	California
NW_XIN_ENG_0192_2005_0906.7	Red Cross
ENG_DF_000170_20050903_C00020J0V_0001.45	Red Cross
ENG_DF_000170_20050903_C00020J0V_0001.45	America
PROXY_LTW_ENG_20070930_0021.31	Israel
nw.chtb_0324.8	China
PROXY_NYT_ENG_20081008_0040.25	Kenya
PROXY_NYT_ENG_20081008_0040.25	Ukraine
bolt12_64556_5627.2	Diaoyu Islands
PROXY_NYT_ENG_20070618_0031.13	United States
PROXY_NYT_ENG_20070618_0031.13	North Korea
NW_AFP_ENG_0018_2003_0616.1	Wisconsin
NW_AFP_ENG_0019_2003_0630.10	Gaza Strip
PROXY_NYT_ENG_20070828_0223.33	International Atomic Energy Agency
PROXY_NYT_ENG_20070828_0223.33	Iran
PROXY_LTW_ENG_20080727_0030.10	Ahmadinejad
ENG_DF_000170_20050903_C00020J0V_0001.2	Gulf
PROXY_NYT_ENG_20081008_0040.19	Kenya
PROXY_XIN_ENG_20041010_0024.16	Vietnam
PROXY_XIN_ENG_20041010_0024.16	Germany
NW_AFP_ENG_0019_2003_0630.16	Israel
NW_AFP_ENG_0019_2003_0630.16	Palestine
NW_AFP_ENG_0019_2003_0630.16	Jew
PROXY_NYT_ENG_20080808_0162.10	Russia
PROXY_NYT_ENG_20080808_0162.10	Georgia
PROXY_LTW_ENG_20070831_0072.7	U.S.
PROXY_LTW_ENG_20070831_0072.7	Europe
PROXY_LTW_ENG_20070831_0072.7	Tehran
PROXY_LTW_ENG_20070831_0072.7	U.N. Security Council
PROXY_LTW_ENG_20070831_0072.7	Iran
nw.chtb_0303.4	China
nw.chtb_0303.4	Peng Li
nw.chtb_0303.4	State Council
PROXY_LTW_ENG_20081115_0076.13	Interfax
PROXY_LTW_ENG_20081115_0076.13	Moscow
PROXY_LTW_ENG_20081115_0076.13	Iran
PROXY_LTW_ENG_20081115_0076.13	West
PROXY_LTW_ENG_20081115_0076.13	China
PROXY_LTW_ENG_20081115_0076.13	Russia
PROXY_XIN_ENG_20040403_0262.8	Soviet Union
PROXY_XIN_ENG_20040403_0262.8	Russia
PROXY_LTW_ENG_20081115_0076.11	United States
PROXY_LTW_ENG_20081115_0076.11	Islamic Republic of Iran
PROXY_XIN_ENG_20040407_0026.8	Philippines
PROXY_LTW_ENG_20070930_0021.18	India
PROXY_LTW_ENG_20081115_0076.22	United States
PROXY_LTW_ENG_20081115_0076.22	West
PROXY_LTW_ENG_20081115_0076.22	Iran
nw.chtb_0305.5	Peng Li
PROXY_NYT_ENG_20080808_0162.19	Georgia
PROXY_NYT_ENG_20080919_0209.4	Fars News Agency
PROXY_NYT_ENG_20080919_0209.4	Iran
PROXY_NYT_ENG_20080919_0209.4	XP
PROXY_NYT_ENG_20080919_0209.4	Shiite
PROXY_NYT_ENG_20070618_0031.15	Russia
PROXY_NYT_ENG_20070618_0031.15	North Korea
PROXY_NYT_ENG_20080808_0162.28	Putin
PROXY_NYT_ENG_20080808_0162.28	Russia
PROXY_XIN_ENG_20040429_0189.35	Wen
bolt12_6455_6568.1	China
bolt12_6455_6568.1	Diaoyu Islands
bolt12_6455_6568.1	Japan
bolt12_6455_6568.1	China
PROXY_XIN_ENG_20030428_0226.4	France
PROXY_XIN_ENG_20030428_0226.4	India
PROXY_XIN_ENG_20030428_0226.4	Scorpene
PROXY_XIN_ENG_20030428_0226.4	US
PROXY_XIN_ENG_20031107_0242.18	Foreign Affairs Department
PROXY_XIN_ENG_20031107_0242.18	South Africa
PROXY_XIN_ENG_20031107_0242.18	Brazil
PROXY_XIN_ENG_20031107_0242.18	Africa
nw.chtb_0322.3	China
nw.chtb_0322.3	Korea
PROXY_XIN_ENG_20021020_0012.15	Nepal
PROXY_XIN_ENG_20041219_0059.9	Hong Kong
PROXY_XIN_ENG_20041219_0059.9	China
PROXY_LTW_ENG_20070930_0021.11	India
PROXY_LTW_ENG_20070930_0021.11	Israel
PROXY_NYT_ENG_20050716_0171.63	US
PROXY_NYT_ENG_20050716_0171.55	US
NW_XIN_ENG_0209_2008_0513.5	Laputta
PROXY_XIN_ENG_20040922_0123.12	China
PROXY_XIN_ENG_20040922_0123.12	Kyrgyzstan
PROXY_XIN_ENG_20040922_0123.12	UN Charter
PROXY_NYT_ENG_20080919_0209.22	YouTube
PROXY_NYT_ENG_20080919_0209.22	Bill Maher
PROXY_NYT_ENG_20080919_0209.22	United States
PROXY_XIN_ENG_20030624_0298.16	Iran
PROXY_XIN_ENG_20030624_0298.16	People's Mujahedeen
PROXY_XIN_ENG_20030624_0298.16	Islamism
NW_AFP_ENG_0017_2003_0607.2	The Times
NW_AFP_ENG_0017_2003_0607.2	Hindu
NW_AFP_ENG_0017_2003_0607.2	Madhya Pradesh
NW_AFP_ENG_0017_2003_0607.2	India
NW_XIN_ENG_0189_2003_0324.2	Baghdad
NW_XIN_ENG_0189_2003_0324.2	Iraq
ENG_NA_020001_20161020_G0023FSW7_0001.4	Artibonite
NW_AFP_ENG_0013_2003_0427.7	Pakistan
NW_AFP_ENG_0013_2003_0427.7	Islam
bolt12_6455_6561.5	Diaoyu Islands
bolt12_6455_6561.5	China
ENG_DF_000170_20050903_C00020J0V_0001.14	San Antonio
NW_AFP_ENG_0014_2003_0502.5	Vivendi
NW_AFP_ENG_0014_2003_0502.5	Florida
NW_AFP_ENG_0014_2003_0502.5	Spain
NW_AFP_ENG_0014_2003_0502.5	Japan
PROXY_NYT_ENG_20070828_0223.24	International Atomic Energy Agency
PROXY_XIN_ENG_20040429_0189.37	Wen
PROXY_XIN_ENG_20040429_0189.37	UN
PROXY_XIN_ENG_20040429_0189.37	Palestine
PROXY_XIN_ENG_20040429_0189.37	Israel
PROXY_NYT_ENG_20050716_0171.37	Chavez
PROXY_NYT_ENG_20050716_0171.37	Latin America
ENG_NA_020001_20161020_G0023FSVU_0001.4	Digicel
PROXY_NYT_ENG_20050716_0171.21	Venezuela
PROXY_NYT_ENG_20040724_0084.24	Brazil
PROXY_NYT_ENG_20040724_0084.24	Air Force
PROXY_NYT_ENG_20040724_0084.13	State Department
PROXY_NYT_ENG_20040724_0084.13	US
PROXY_XIN_ENG_20030624_0298.14	Paris
PROXY_XIN_ENG_20030624_0298.14	United States
PROXY_LTW_ENG_20080727_0030.27	Solana
PROXY_LTW_ENG_20080727_0030.27	Europe
PROXY_LTW_ENG_20080727_0030.27	Iran
PROXY_XIN_ENG_20040429_0189.20	China
PROXY_XIN_ENG_20040429_0189.20	Europe
PROXY_NYT_ENG_20081008_0040.17	Ukraine
PROXY_NYT_ENG_20081008_0040.17	United States
NW_AFP_ENG_0014_2003_0502.2	US
NW_AFP_ENG_0014_2003_0502.2	France
bolt12_6455_6561.13	Japan
bolt12_6455_6561.13	China
bolt12_6455_6561.13	Asia
PROXY_NYT_ENG_20070828_0223.21	Iran
ENG_DF_000170_20050903_C00020J0V_0001.51	Red Cross
NW_AFP_ENG_0013_2003_0427.2	Koran
NW_AFP_ENG_0013_2003_0427.2	Christian
nw.chtb_0324.1	Xinhua News Agency
nw.chtb_0324.1	Rome
PROXY_NYT_ENG_20020406_0118.6	Moscow
PROXY_NYT_ENG_20020406_0118.6	Russia
PROXY_XIN_ENG_20021123_0156.5	China
NW_AFP_ENG_0018_2003_0616.3	Texas
PROXY_NYT_ENG_20081008_0040.16	Somalia
PROXY_NYT_ENG_20081008_0040.16	U.S.
PROXY_XIN_ENG_20021228_0162.13	United Nations Monitoring Verification and Inspection Commission
PROXY_XIN_ENG_20021228_0162.13	International Atomic Energy Agency
PROXY_XIN_ENG_20021228_0162.13	Iraq
bolt12_6455_6561.29	Union
bolt12_6455_6561.29	U.S.
PROXY_NYT_ENG_20050716_0171.47	Chavez
PROXY_NYT_ENG_20040724_0084.27	Luiz Inacio Lula da Silva
PROXY_LTW_ENG_20070831_0072.17	Institute for Science and International Security
PROXY_LTW_ENG_20070831_0072.17	Washington
PROXY_LTW_ENG_20070831_0072.17	Iran
PROXY_LTW_ENG_20070831_0072.17	IAEA
PROXY_XIN_ENG_20020725_0113.6	Hong Kong
NW_XIN_ENG_0195_2008_0420.1	China
PROXY_XIN_ENG_20031107_0242.2	South Africa
PROXY_XIN_ENG_20031107_0242.2	Brazil
PROXY_XIN_ENG_20031107_0242.2	India
PROXY_LTW_ENG_20081115_0076.5	United States
PROXY_LTW_ENG_20081115_0076.5	Europe
PROXY_LTW_ENG_20081115_0076.5	Russia
PROXY_LTW_ENG_20081115_0076.5	China
PROXY_LTW_ENG_20081115_0076.5	Iran
PROXY_LTW_ENG_20081115_0076.5	Natanz
PROXY_LTW_ENG_20081115_0076.5	Paris
PROXY_NYT_ENG_20081128_0005.16	Costa
PROXY_NYT_ENG_20081128_0005.16	Taliban
PROXY_XIN_ENG_20040403_0262.12	European Space Agency
PROXY_XIN_ENG_20040403_0262.12	France
PROXY_XIN_ENG_20040429_0189.23	Germany
PROXY_XIN_ENG_20040429_0189.23	China
bolt12_6455_6566.3	China
bolt12_6455_6566.3	United States
PROXY_NYT_ENG_20050716_0171.16	Venezuela
PROXY_NYT_ENG_20050716_0171.16	US
PROXY_XIN_ENG_20030709_0070.6	Associated Press
PROXY_XIN_ENG_20030709_0070.6	John Howard
PROXY_XIN_ENG_20030709_0070.6	Australia
PROXY_LTW_ENG_20070930_0021.30	Israel
PROXY_XIN_ENG_20040403_0262.11	Russian Space Forces
PROXY_XIN_ENG_20040403_0262.11	Chirac
PROXY_XIN_ENG_20040403_0262.11	Putin
PROXY_XIN_ENG_20040403_0262.11	Russia
PROXY_XIN_ENG_20040403_0262.11	France
PROXY_XIN_ENG_20040922_0123.4	China
PROXY_XIN_ENG_20040922_0123.4	Kyrgyzstan
PROXY_NYT_ENG_20080808_0162.17	Vladimir V. Putin
PROXY_NYT_ENG_20080808_0162.17	Russia
PROXY_NYT_ENG_20070828_0223.17	West
PROXY_NYT_ENG_20070828_0223.17	Iran
PROXY_NYT_ENG_20070828_0223.17	U.N. Security Council
PROXY_XIN_ENG_20040429_0189.31	Wen
PROXY_XIN_ENG_20040429_0189.31	Iraq
PROXY_XIN_ENG_20040429_0189.31	China
PROXY_LTW_ENG_20081115_0076.15	Iran
PROXY_LTW_ENG_20081115_0076.15	Arak
PROXY_XIN_ENG_20030624_0298.6	People's Mujahedeen
PROXY_XIN_ENG_20030624_0298.6	Iran
PROXY_XIN_ENG_20030624_0298.6	France
ENG_NA_020001_20161020_G0023FSV5_0001.4	Leogane
nw.chtb_0318.10	Japan
PROXY_XIN_ENG_20040429_0189.26	Wen
PROXY_XIN_ENG_20040429_0189.26	China
PROXY_XIN_ENG_20040429_0189.26	Germany
PROXY_XIN_ENG_20030624_0298.4	France
PROXY_XIN_ENG_20030624_0298.4	People's Mujahedeen
PROXY_XIN_ENG_20030624_0298.4	Paris
PROXY_NYT_ENG_20081128_0005.11	Taliban
PROXY_NYT_ENG_20020406_0118.34	Russia
PROXY_NYT_ENG_20070618_0031.16	Hill
PROXY_NYT_ENG_20070618_0031.16	Russia
PROXY_NYT_ENG_20070618_0031.16	South Korea
PROXY_NYT_ENG_20070618_0031.16	Japan
NW_XIN_ENG_0189_2003_0324.1	Iraq
NW_XIN_ENG_0189_2003_0324.1	US
PROXY_LTW_ENG_20070831_0072.23	Arms Control Association
PROXY_LTW_ENG_20070831_0072.23	Washington
PROXY_LTW_ENG_20070831_0072.23	Iran
NW_XIN_ENG_0192_2005_0906.6	Katrina
NW_XIN_ENG_0192_2005_0906.6	Los Angeles
PROXY_XIN_ENG_20020905_0122.4	Nepal
PROXY_NYT_ENG_20050716_0171.57	Chavez
PROXY_NYT_ENG_20050716_0171.57	US
PROXY_NYT_ENG_20050716_0171.57	Colombia
PROXY_NYT_ENG_20050716_0171.57	Venezuela
PROXY_NYT_ENG_20040724_0084.2	Brazil
PROXY_LTW_ENG_20070930_0021.32	Israel
PROXY_LTW_ENG_20080727_0030.6	Mahmoud Ahmadinejad
PROXY_LTW_ENG_20080727_0030.6	Iran
NW_AFP_ENG_0015_2003_0514.3	Middle East
DF-200-192400-625_7744.20	OCD
PROXY_NYT_ENG_20081008_0040.26	Ukraine
PROXY_XIN_ENG_20020905_0122.22	Nepal
PROXY_XIN_ENG_20021123_0156.6	Russia
PROXY_XIN_ENG_20021123_0156.6	Kazakhstan
PROXY_XIN_ENG_20021123_0156.6	Kyrgyzstan
PROXY_XIN_ENG_20021123_0156.6	Tajikistan
PROXY_XIN_ENG_20021123_0156.6	Uzbekistan
PROXY_XIN_ENG_20021123_0156.6	Moscow
PROXY_XIN_ENG_20020725_0113.9	Kowloon
PROXY_LTW_ENG_20080727_0030.16	Iran
PROXY_XIN_ENG_20040429_0189.27	Wen
PROXY_XIN_ENG_20040429_0189.27	China
PROXY_XIN_ENG_20040429_0189.27	Europe
PROXY_XIN_ENG_20040429_0189.25	Germany
PROXY_XIN_ENG_20040429_0189.25	Volkswagen
PROXY_XIN_ENG_20040429_0189.25	Siemens
NW_XIN_ENG_0192_2005_0906.3	Los Angeles
NW_XIN_ENG_0192_2005_0906.3	Katrina
ENG_NA_020001_20161020_G0023FSUO_0001.5	Voice of America
ENG_DF_000170_20050903_C00020J0V_0001.67	Dell
PROXY_NYT_ENG_20081128_0005.22	Taliban
PROXY_NYT_ENG_20081128_0005.22	Afghanistan
NW_AFP_ENG_0019_2003_0630.17	Palestine
PROXY_NYT_ENG_20080808_0162.23	Caspian Sea
PROXY_NYT_ENG_20081008_0040.6	Somalia
PROXY_NYT_ENG_20081008_0040.6	Ukraine
nw.chtb_0305.7	Peng Li
nw.chtb_0305.7	Central Asia
PROXY_NYT_ENG_20081008_0040.2	Somalia
PROXY_NYT_ENG_20081008_0040.2	Ukraine
PROXY_NYT_ENG_20081008_0040.2	Kenya
NW_AFP_ENG_0015_2003_0514.2	Gulf
NW_AFP_ENG_0015_2003_0514.2	Palestine
PROXY_XIN_ENG_20030428_0226.5	Michele Alliot-Marie
PROXY_XIN_ENG_20030428_0226.5	France
PROXY_XIN_ENG_20030428_0226.5	India
NW_XIN_ENG_0189_2003_0324.8	Syria
NW_XIN_ENG_0189_2003_0324.8	Iraq
PROXY_XIN_ENG_20021228_0162.9	United Nations Monitoring Verification and Inspection Commission
PROXY_NYT_ENG_20081008_0040.4	Somalia
PROXY_NYT_ENG_20081008_0040.4	Ukraine
NW_AFP_ENG_0017_2003_0607.4	Singh
NW_AFP_ENG_0017_2003_0607.4	Hindu
PROXY_NYT_ENG_20050716_0171.33	Chavez
PROXY_NYT_ENG_20050716_0171.61	US
PROXY_NYT_ENG_20050716_0171.61	Venezuela
PROXY_XIN_ENG_20040429_0189.36	Wen
PROXY_XIN_ENG_20040429_0189.36	Palestine
PROXY_XIN_ENG_20040429_0189.36	Israel
PROXY_XIN_ENG_20040429_0189.36	China
PROXY_NYT_ENG_20050716_0171.42	Venezuela
nw.chtb_0325.5	United States
PROXY_XIN_ENG_20041219_0059.14	Shenzhen
PROXY_XIN_ENG_20040429_0189.38	Wen
PROXY_XIN_ENG_20040429_0189.38	China
PROXY_XIN_ENG_20040429_0189.38	Middle East
PROXY_XIN_ENG_20030624_0298.10	People's Mujahedeen
PROXY_XIN_ENG_20030624_0298.10	France
PROXY_XIN_ENG_20030624_0298.10	Iran
nw.chtb_0302.1	Xinhua News Agency
nw.chtb_0302.1	Beijing
PROXY_XIN_ENG_20040429_0189.33	Wen
PROXY_XIN_ENG_20040429_0189.33	United Nations
PROXY_XIN_ENG_20040429_0189.33	Iraq
PROXY_NYT_ENG_20081128_0005.19	Costa
nw.chtb_0318.9	Japan
ENG_NA_020001_20161020_G0023FSWD_0001.4	Delmas 33
bolt12_64556_5627.3	Japan
PROXY_XIN_ENG_20020905_0122.19	Nepal
nw.chtb_0319.1	Mongolia
ENG_DF_000170_20050903_C00020J0V_0001.13	Texas
ENG_DF_000170_20050903_C00020J0V_0001.13	Austin
PROXY_XIN_ENG_20011006_0073.12	South Africa
PROXY_XIN_ENG_20011006_0073.12	National Conventional Arms Control Committee
PROXY_XIN_ENG_20040429_0189.30	Wen
PROXY_XIN_ENG_20040429_0189.30	Cold War
PROXY_NYT_ENG_20050716_0171.9	Fidel Castro
PROXY_NYT_ENG_20050716_0171.9	Cuba
PROXY_NYT_ENG_20050716_0171.9	Chavez
NW_AFP_ENG_0019_2003_0630.12	Israel
NW_XIN_ENG_0193_2006_0822.2	New Delhi
PROXY_XIN_ENG_20040403_0262.13	Chirac
PROXY_XIN_ENG_20040403_0262.13	Russia
PROXY_XIN_ENG_20040403_0262.13	NATO
PROXY_XIN_ENG_20040403_0262.13	European Union
PROXY_XIN_ENG_20040403_0262.13	Soviet Union
PROXY_XIN_ENG_20040403_0262.13	Eastern Europe
PROXY_NYT_ENG_20081128_0005.13	Costa
NW_AFP_ENG_0013_2003_0427.3	US
PROXY_NYT_ENG_20080919_0209.12	Fars News Agency
PROXY_NYT_ENG_20080919_0209.12	Iran
PROXY_NYT_ENG_20080919_0209.12	XP
PROXY_NYT_ENG_20080919_0209.12	Shiite
PROXY_XIN_ENG_20020725_0113.23	Hong Kong
nw.chtb_0318.3	Japan
nw.chtb_0318.8	Japan
PROXY_XIN_ENG_20030624_0298.18	US
PROXY_XIN_ENG_20030624_0298.18	Teheran
PROXY_XIN_ENG_20030624_0298.18	People's Mujahedeen
ENG_DF_000170_20050903_C00020J0V_0001.31	Austin
PROXY_NYT_ENG_20080808_0162.15	Georgia
PROXY_NYT_ENG_20080808_0162.15	Black Sea
bolt12_6455_6564.1	Japan
PROXY_XIN_ENG_20030428_0226.11	France
PROXY_XIN_ENG_20030428_0226.11	India
PROXY_XIN_ENG_20041219_0059.8	Hong Kong
PROXY_XIN_ENG_20041219_0059.8	China
PROXY_NYT_ENG_20040724_0084.10	United States
PROXY_NYT_ENG_20050716_0171.6	Chavez
PROXY_NYT_ENG_20050716_0171.6	Venezuela
PROXY_LTW_ENG_20070930_0021.6	Israel
nw.chtb_0322.1	Xinhua News Agency
nw.chtb_0322.1	Seoul
PROXY_NYT_ENG_20070828_0223.18	United States
PROXY_NYT_ENG_20070828_0223.18	France
PROXY_NYT_ENG_20070828_0223.18	West
nw.chtb_0322.11	China
nw.chtb_0322.11	Korea
PROXY_NYT_ENG_20081128_0005.2	Afghanistan
PROXY_NYT_ENG_20071115_0274.14	Australia
PROXY_NYT_ENG_20071115_0274.14	Finland
PROXY_NYT_ENG_20071115_0274.14	Sweden
PROXY_NYT_ENG_20071115_0274.14	United Arab Emirates
PROXY_NYT_ENG_20071115_0274.14	Iran
bolt12_6455_6562.10	China
bolt12_6455_6562.10	Taiwan
PROXY_NYT_ENG_20071115_0274.6	Nuclear Nonproliferation Treaty
nw.chtb_0324.3	China
nw.chtb_0322.18	United States
ENG_NA_020001_20161020_G0023FSUJ_0001.4	Leogane
nw.chtb_0325.1	Xinhua News Agency
nw.chtb_0325.1	Rome
PROXY_XIN_ENG_20021123_0156.10	Moscow
bolt12_91455_5344.1	China
PROXY_NYT_ENG_20020406_0118.2	Russian Federation
PROXY_XIN_ENG_20030624_0298.21	Teheran
PROXY_XIN_ENG_20030624_0298.21	Iran
PROXY_XIN_ENG_20030624_0298.20	People's Mujahedeen
PROXY_XIN_ENG_20030624_0298.20	Iran
PROXY_XIN_ENG_20031107_0242.6	Pretoria
PROXY_XIN_ENG_20031107_0242.6	South Africa
NW_XIN_ENG_0198_2008_1218.5	Pacific
PROXY_XIN_ENG_20040407_0026.9	Asia
NW_XIN_ENG_0189_2003_0324.5	Baghdad
NW_XIN_ENG_0189_2003_0324.5	Iraq
ENG_DF_000170_20050903_C00020J0V_0001.54	Austin
ENG_DF_000170_20050903_C00020J0V_0001.54	First Baptist Church
NW_XIN_ENG_0209_2008_0513.21	Nargis
NW_XIN_ENG_0209_2008_0513.21	Bengal
NW_XIN_ENG_0209_2008_0513.21	Ayeyawaddy
NW_XIN_ENG_0209_2008_0513.21	Haing Gyi
NW_XIN_ENG_0209_2008_0513.21	Laputta
NW_XIN_ENG_0209_2008_0513.21	Mawlamyinegyun
NW_XIN_ENG_0209_2008_0513.21	Kyaiklat
NW_XIN_ENG_0209_2008_0513.21	Phyarpon
NW_XIN_ENG_0209_2008_0513.21	Bogalay
NW_XIN_ENG_0209_2008_0513.21	Yangon
NW_XIN_ENG_0209_2008_0513.21	Yangon
NW_XIN_ENG_0209_2008_0513.21	Bago
NW_XIN_ENG_0209_2008_0513.21	Ayeyawaddy
NW_XIN_ENG_0209_2008_0513.21	Kayin
NW_XIN_ENG_0209_2008_0513.21	Mon
PROXY_NYT_ENG_20081008_0040.14	U.S.
PROXY_NYT_ENG_20070618_0031.7	Hill
PROXY_NYT_ENG_20070618_0031.7	North Korea
PROXY_NYT_ENG_20070618_0031.7	International Atomic Energy Agency
PROXY_NYT_ENG_20070618_0031.7	Pyongyang
bolt12_6455_6561.30	China
NW_XIN_ENG_0194_2007_0704.3	China
DF-200-192400-625_7744.1	OCD
bolt12_6455_6561.16	China
PROXY_XIN_ENG_20041010_0024.7	Gerhard Schroeder
PROXY_XIN_ENG_20041010_0024.7	Germany
PROXY_XIN_ENG_20041010_0024.7	Hanoi
PROXY_XIN_ENG_20041219_0059.6	Hong Kong
PROXY_XIN_ENG_20041219_0059.6	China
PROXY_NYT_ENG_20070618_0031.19	North Korea
nw.chtb_0302.4	China
nw.chtb_0302.4	Thailand
PROXY_XIN_ENG_20011006_0073.4	South Africa
PROXY_LTW_ENG_20070930_0021.20	Israel
PROXY_LTW_ENG_20070930_0021.20	India
PROXY_NYT_ENG_20040724_0084.45	Colombia
PROXY_NYT_ENG_20040724_0084.45	United States
NW_XIN_ENG_0192_2005_0906.11	Los Angeles
NW_AFP_ENG_0013_2003_0427.1	Pakistan
NW_AFP_ENG_0013_2003_0427.1	Punjab
NW_AFP_ENG_0013_2003_0427.1	Christian
PROXY_NYT_ENG_20080808_0162.14	Russia
PROXY_NYT_ENG_20080808_0162.14	Georgia
nw.chtb_0322.12	China
nw.chtb_0322.5	China
nw.chtb_0322.5	Korea
PROXY_XIN_ENG_20030709_0070.8	Howard
PROXY_XIN_ENG_20030709_0070.8	Junichiro Koizumi
PROXY_XIN_ENG_20030709_0070.8	Japan
PROXY_XIN_ENG_20030709_0070.8	South Korea
PROXY_XIN_ENG_20040429_0189.18	Wen
PROXY_XIN_ENG_20040429_0189.18	China
PROXY_XIN_ENG_20040429_0189.18	Germany
NW_XIN_ENG_0194_2007_0704.1	China
PROXY_NYT_ENG_20081128_0005.14	Taliban
PROXY_NYT_ENG_20080919_0209.2	Iraq
PROXY_XIN_ENG_20040429_0189.10	Wen
PROXY_XIN_ENG_20040429_0189.10	Germany
nw.chtb_0319.2	Xinhua News Agency
PROXY_XIN_ENG_20020905_0122.6	Nepal
PROXY_XIN_ENG_20041010_0024.9	Vietnam
PROXY_XIN_ENG_20041010_0024.9	Schroeder
PROXY_XIN_ENG_20041010_0024.9	Germany
PROXY_NYT_ENG_20050716_0171.7	Venezuela
PROXY_NYT_ENG_20050716_0171.7	South America
PROXY_XIN_ENG_20030428_0226.7	France
PROXY_XIN_ENG_20030428_0226.7	India
PROXY_XIN_ENG_20030428_0226.7	Scorpene
PROXY_XIN_ENG_20030428_0226.7	US
PROXY_LTW_ENG_20070930_0021.8	Israel
PROXY_XIN_ENG_20020725_0333.14	Lima
PROXY_NYT_ENG_20071115_0274.18	Iran
PROXY_LTW_ENG_20070831_0072.9	Tehran
PROXY_LTW_ENG_20070831_0072.9	Iran
DF-200-192400-625_6304.24	NHS
PROXY_NYT_ENG_20050716_0171.39	US
PROXY_NYT_ENG_20050716_0171.39	Chavez
PROXY_NYT_ENG_20071115_0274.4	Iran
PROXY_LTW_ENG_20070930_0021.22	Bush
PROXY_LTW_ENG_20070930_0021.22	India
PROXY_NYT_ENG_20081128_0005.5	Afghanistan
PROXY_NYT_ENG_20081128_0005.5	Taliban
NW_XIN_ENG_0191_2005_0405.3	China
PROXY_NYT_ENG_20080808_0162.20	Georgia
NW_AFP_ENG_0015_2003_0514.5	Qatar
PROXY_LTW_ENG_20081115_0076.10	Russia
PROXY_LTW_ENG_20081115_0076.10	China
PROXY_LTW_ENG_20081115_0076.10	Islamic Republic of Iran
ENG_DF_000170_20050903_C00020J0V_0001.15	Austin
ENG_DF_000170_20050903_C00020J0V_0001.15	Red Cross
ENG_DF_000170_20050903_C00020J0V_0001.15	America
PROXY_XIN_ENG_20011006_0073.14	Foreign Ministry
PROXY_XIN_ENG_20011006_0073.14	South Africa
PROXY_NYT_ENG_20080808_0162.4	Russia
PROXY_NYT_ENG_20080808_0162.4	Georgia
wb.eng_0003.30	TMT
wb.eng_0003.30	Fairfax
PROXY_XIN_ENG_20030709_0070.9	United States
PROXY_XIN_ENG_20030709_0070.9	Proliferation Security Initiative
PROXY_LTW_ENG_20081115_0076.4	Paris
PROXY_LTW_ENG_20081115_0076.4	Iran
PROXY_LTW_ENG_20081115_0076.4	Natanz
NW_AFP_ENG_0011_2003_0417.1	India
NW_AFP_ENG_0016_2003_0527.5	Bush
NW_AFP_ENG_0016_2003_0527.5	Canada
NW_AFP_ENG_0016_2003_0527.5	John Howard
NW_AFP_ENG_0016_2003_0527.5	Australia
NW_AFP_ENG_0016_2003_0527.5	Iraq
PROXY_NYT_ENG_20080808_0162.30	Georgia
PROXY_NYT_ENG_20080808_0162.30	Russia
bolt12_64556_5629.1	Mao Zedong
bolt12_64556_5629.1	China
PROXY_XIN_ENG_20031107_0242.9	South Africa
PROXY_XIN_ENG_20031107_0242.9	Brazil
PROXY_LTW_ENG_20070831_0072.15	Ali Asghar Soltanieh
PROXY_LTW_ENG_20070831_0072.15	Iran
PROXY_LTW_ENG_20070831_0072.15	IAEA
PROXY_LTW_ENG_20070831_0072.15	Fars News Agency
PROXY_LTW_ENG_20070831_0072.15	Tehran
PROXY_XIN_ENG_20031107_0242.11	Foreign Affairs Department
PROXY_XIN_ENG_20031107_0242.11	South Africa
PROXY_XIN_ENG_20031107_0242.11	India
PROXY_XIN_ENG_20031107_0242.11	Brazil
NW_XIN_ENG_0192_2005_0906.2	Los Angeles
PROXY_XIN_ENG_20040922_0123.15	China
PROXY_XIN_ENG_20040922_0123.15	Kyrgyzstan
PROXY_NYT_ENG_20080808_0162.27	Russia
PROXY_NYT_ENG_20081128_0005.7	Afghanistan
PROXY_XIN_ENG_20040922_0123.16	China
PROXY_XIN_ENG_20040922_0123.16	Kyrgyzstan
DF-200-192400-625_7744.21	OCD
bolt12_6455_6561.11	Pacific Ocean
PROXY_XIN_ENG_20041010_0024.6	Vietnam
PROXY_XIN_ENG_20041010_0024.6	Germany
PROXY_XIN_ENG_20041010_0024.6	United Nations
PROXY_NYT_ENG_20070828_0223.11	International Atomic Energy Agency
PROXY_NYT_ENG_20070828_0223.11	Iran
bolt12_6455_6561.8	China
bolt12_6455_6561.8	Japan
PROXY_LTW_ENG_20081115_0076.19	Iran
PROXY_LTW_ENG_20081115_0076.19	Arak
PROXY_NYT_ENG_20050716_0171.36	Venezuela
PROXY_NYT_ENG_20050716_0171.36	Russia
PROXY_NYT_ENG_20050716_0171.36	Chavez
PROXY_NYT_ENG_20050716_0171.36	US
PROXY_LTW_ENG_20080727_0030.14	West
PROXY_LTW_ENG_20080727_0030.14	Tehran
PROXY_LTW_ENG_20080727_0030.14	Ahmadinejad
PROXY_LTW_ENG_20080727_0030.14	Iran
PROXY_NYT_ENG_20080808_0162.11	U.S.
PROXY_NYT_ENG_20080808_0162.11	West
PROXY_NYT_ENG_20080808_0162.11	NATO
PROXY_NYT_ENG_20020406_0118.26	Russia
bolt12_6455_6562.15	Diaoyu Islands
PROXY_XIN_ENG_20040429_0189.8	Wen
PROXY_XIN_ENG_20040429_0189.8	Europe
PROXY_XIN_ENG_20040429_0189.8	Germany
nw.chtb_0302.2	Central Military Commission
nw.chtb_0302.2	Thailand
nw.chtb_0302.2	Armed Forces
nw.chtb_0302.2	China
PROXY_LTW_ENG_20070930_0021.12	Israel
PROXY_NYT_ENG_20020406_0118.10	Soviet Union
PROXY_NYT_ENG_20081008_0040.32	Soviet Union
PROXY_XIN_ENG_20040403_0262.10	Putin
PROXY_XIN_ENG_20040403_0262.10	Chirac
PROXY_LTW_ENG_20070930_0021.10	Israel
PROXY_LTW_ENG_20070930_0021.10	India
NW_AFP_ENG_0010_2003_0401.5	Britain
NW_XIN_ENG_0195_2008_0420.18	Hubei
bolt12_6455_6561.4	Japan
bolt12_6455_6561.4	Diaoyu Islands
PROXY_XIN_ENG_20041219_0059.5	Hong Kong
PROXY_XIN_ENG_20041219_0059.5	China
PROXY_LTW_ENG_20070831_0072.18	Iran
PROXY_LTW_ENG_20070831_0072.18	IAEA
PROXY_LTW_ENG_20070831_0072.18	West
PROXY_XIN_ENG_20021123_0156.13	China
PROXY_XIN_ENG_20021123_0156.9	Moscow
PROXY_NYT_ENG_20050716_0171.32	Chavez
PROXY_NYT_ENG_20050716_0171.32	Belgium
NW_AFP_ENG_0013_2003_0427.6	Britain
NW_AFP_ENG_0013_2003_0427.6	Islam
PROXY_XIN_ENG_20021020_0012.13	Nepal
PROXY_XIN_ENG_20021020_0012.13	Himalayas
NW_AFP_ENG_0011_2003_0417.7	India
PROXY_XIN_ENG_20040429_0189.14	Wen
PROXY_XIN_ENG_20040429_0189.14	North
PROXY_XIN_ENG_20040429_0189.14	China
PROXY_XIN_ENG_20040429_0189.14	Germany
PROXY_LTW_ENG_20080727_0030.13	Ahmadinejad
NW_XIN_ENG_0209_2008_0513.2	Yangon
PROXY_XIN_ENG_20040922_0123.11	China
PROXY_XIN_ENG_20040922_0123.11	Kyrgyzstan
PROXY_XIN_ENG_20040922_0123.11	United Nations
PROXY_NYT_ENG_20050716_0171.46	Chavez
PROXY_NYT_ENG_20070618_0031.4	North Korea
PROXY_NYT_ENG_20040724_0084.14	US
NW_AFP_ENG_0019_2003_0630.21	Israel
NW_AFP_ENG_0019_2003_0630.21	Palestine
PROXY_LTW_ENG_20081115_0076.31	Tel Aviv
PROXY_LTW_ENG_20081115_0076.31	Iran
PROXY_NYT_ENG_20050716_0171.4	Venezuela
PROXY_NYT_ENG_20050716_0171.4	Russia
PROXY_NYT_ENG_20050716_0171.4	United States
nw.chtb_0302.6	China
nw.chtb_0302.6	Thailand
ENG_DF_000170_20050903_C00020J0V_0001.17	Austin
ENG_DF_000170_20050903_C00020J0V_0001.17	Katrina
PROXY_NYT_ENG_20081008_0040.28	Ukraine
PROXY_NYT_ENG_20081008_0040.28	United Nations
PROXY_XIN_ENG_20040922_0123.7	China
PROXY_XIN_ENG_20040922_0123.7	Kyrgyzstan
PROXY_LTW_ENG_20070831_0072.2	Islamic Republic of Iran
PROXY_XIN_ENG_20020725_0113.18	Hong Kong
ENG_NA_020001_20161020_G0023FSW0_0001.4	Les Cayes
PROXY_NYT_ENG_20070828_0223.12	Iran
PROXY_XIN_ENG_20020701_0314.7	Vladimiro Montesinos
PROXY_XIN_ENG_20020701_0314.7	Peru
PROXY_XIN_ENG_20020701_0314.7	National Intelligence Service
PROXY_NYT_ENG_20081008_0040.5	Kenya
PROXY_XIN_ENG_20011006_0073.5	South Africa
PROXY_XIN_ENG_20021228_0162.6	United Nations Monitoring Verification and Inspection Commission
PROXY_XIN_ENG_20021228_0162.6	Baghdad
ENG_DF_000170_20050903_C00020J0V_0001.58	First Baptist Church
PROXY_NYT_ENG_20040724_0084.19	US
PROXY_NYT_ENG_20040724_0084.19	Brazil
NW_AFP_ENG_0019_2003_0630.2	Intifada
NW_AFP_ENG_0019_2003_0630.2	Gaza Strip
NW_XIN_ENG_0196_2008_1027.3	Java
NW_XIN_ENG_0196_2008_1027.3	Indonesia
PROXY_NYT_ENG_20050716_0171.29	US
NW_XIN_ENG_0195_2008_0420.15	Hubei
PROXY_XIN_ENG_20020905_0122.15	Britain
PROXY_XIN_ENG_20020905_0122.15	Nepal
PROXY_NYT_ENG_20070828_0223.14	Iran
PROXY_LTW_ENG_20081115_0076.2	Iran
PROXY_LTW_ENG_20081115_0076.2	Russian Federation
PROXY_LTW_ENG_20081115_0076.2	China
PROXY_LTW_ENG_20081115_0076.2	France
PROXY_LTW_ENG_20081115_0076.2	United States
PROXY_XIN_ENG_20040403_0262.6	Chirac
PROXY_XIN_ENG_20040403_0262.6	Vladimir Putin
PROXY_XIN_ENG_20040403_0262.6	Russia
PROXY_XIN_ENG_20040429_0189.34	Wen
PROXY_XIN_ENG_20040429_0189.34	China
PROXY_XIN_ENG_20040429_0189.34	Iraq
NW_AFP_ENG_0009_2003_0330.6	Iraq
ENG_NA_020001_20161020_G0023FSUP_0001.4	Delmas
PROXY_NYT_ENG_20081128_0005.20	United Nations
PROXY_NYT_ENG_20081128_0005.20	Afghanistan
NW_XIN_ENG_0196_2008_1027.5	Indonesia
NW_XIN_ENG_0196_2008_1027.5	Pacific
PROXY_LTW_ENG_20080727_0030.4	Ahmadinejad
PROXY_LTW_ENG_20080727_0030.4	Iran
PROXY_XIN_ENG_20020725_0333.10	Scorpion
PROXY_XIN_ENG_20020725_0333.10	Amazon
PROXY_NYT_ENG_20081008_0040.33	United States
PROXY_NYT_ENG_20081008_0040.33	Islamism
PROXY_NYT_ENG_20081008_0040.33	Somalia
NW_AFP_ENG_0016_2003_0527.4	Afghanistan
PROXY_NYT_ENG_20070618_0031.6	North Korea
PROXY_NYT_ENG_20070618_0031.6	United States
PROXY_NYT_ENG_20070618_0031.6	Hill
PROXY_XIN_ENG_20041010_0024.10	Vietnam
PROXY_XIN_ENG_20041010_0024.10	Germany
PROXY_XIN_ENG_20041010_0024.10	US
PROXY_LTW_ENG_20070831_0072.26	Security Council
PROXY_LTW_ENG_20070831_0072.26	Iran
PROXY_LTW_ENG_20070831_0072.26	U.S.
PROXY_LTW_ENG_20070831_0072.26	China
PROXY_LTW_ENG_20070831_0072.26	Russia
NW_AFP_ENG_0017_2003_0607.8	Rajasthan
PROXY_XIN_ENG_20041010_0024.4	Gerhard Schroeder
PROXY_XIN_ENG_20041010_0024.4	Germany
PROXY_XIN_ENG_20041010_0024.4	Vietnam
PROXY_XIN_ENG_20041010_0024.4	Hanoi
PROXY_NYT_ENG_20070828_0223.31	International Atomic Energy Agency
PROXY_NYT_ENG_20070618_0031.18	North Korea
PROXY_NYT_ENG_20070618_0031.18	Yongbyon
PROXY_XIN_ENG_20030624_0298.13	People's Mujahedeen
PROXY_XIN_ENG_20030624_0298.13	France
PROXY_LTW_ENG_20070930_0021.5	Bush
PROXY_LTW_ENG_20070930_0021.5	India
nw.chtb_0303.2	Foreign Ministry
nw.chtb_0303.2	China
nw.chtb_0303.2	Zemin Jiang
PROXY_NYT_ENG_20070828_0223.32	International Atomic Energy Agency
wb.eng_0003.66	TMT
wb.eng_0003.66	Virginia
NW_AFP_ENG_0019_2003_0630.19	Palestine
NW_AFP_ENG_0019_2003_0630.19	Israel
ENG_DF_000170_20050903_C00020J0V_0001.5	Austin
ENG_DF_000170_20050903_C00020J0V_0001.5	Texas
PROXY_NYT_ENG_20050716_0171.40	FARC
PROXY_NYT_ENG_20050716_0171.40	Colombia
PROXY_NYT_ENG_20050716_0171.40	Belgium
PROXY_NYT_ENG_20050716_0171.40	Chavez
PROXY_XIN_ENG_20040429_0189.21	Wen
PROXY_XIN_ENG_20040429_0189.21	Germany
PROXY_XIN_ENG_20040429_0189.21	China
nw.chtb_0305.10	Central Asia
PROXY_LTW_ENG_20070831_0072.25	Iran
PROXY_NYT_ENG_20080919_0209.17	XP
PROXY_NYT_ENG_20080919_0209.17	Shiite
PROXY_NYT_ENG_20080919_0209.17	Persian Gulf
PROXY_NYT_ENG_20080919_0209.17	Iraq
bolt12_6455_6566.1	China
PROXY_LTW_ENG_20070831_0072.4	International Atomic Energy Agency
PROXY_LTW_ENG_20070831_0072.4	Iran
PROXY_NYT_ENG_20080808_0162.24	Russia
PROXY_NYT_ENG_20070828_0223.13	Iran
PROXY_LTW_ENG_20070831_0072.21	West
PROXY_LTW_ENG_20070831_0072.21	Washington
PROXY_LTW_ENG_20070831_0072.21	London
PROXY_LTW_ENG_20070831_0072.21	Paris
PROXY_LTW_ENG_20070831_0072.21	Berlin
PROXY_LTW_ENG_20070831_0072.21	Security Council
